,room_address,entities_ptr,doors_ptr,num_doors,x,y,x_1,y_1,type_1,subtype_1,entityID_1,varA_1,varB_1,x_2,y_2,type_2,subtype_2,entityID_2,varA_2,varB_2,x_3,y_3,type_3,subtype_3,entityID_3,varA_3,varB_3,x_4,y_4,type_4,subtype_4,entityID_4,varA_4,varB_4,x_5,y_5,type_5,subtype_5,entityID_5,varA_5,varB_5,x_6,y_6,type_6,subtype_6,entityID_6,varA_6,varB_6,x_7,y_7,type_7,subtype_7,entityID_7,varA_7,varB_7,x_8,y_8,type_8,subtype_8,entityID_8,varA_8,varB_8,x_9,y_9,type_9,subtype_9,entityID_9,varA_9,varB_9,x_10,y_10,type_10,subtype_10,entityID_10,varA_10,varB_10,x_11,y_11,type_11,subtype_11,entityID_11,varA_11,varB_11,x_12,y_12,type_12,subtype_12,entityID_12,varA_12,varB_12,x_13,y_13,type_13,subtype_13,entityID_13,varA_13,varB_13,x_14,y_14,type_14,subtype_14,entityID_14,varA_14,varB_14,x_15,y_15,type_15,subtype_15,entityID_15,varA_15,varB_15,x_16,y_16,type_16,subtype_16,entityID_16,varA_16,varB_16,x_17,y_17,type_17,subtype_17,entityID_17,varA_17,varB_17,x_18,y_18,type_18,subtype_18,entityID_18,varA_18,varB_18,x_19,y_19,type_19,subtype_19,entityID_19,varA_19,varB_19,x_20,y_20,type_20,subtype_20,entityID_20,varA_20,varB_20,x_21,y_21,type_21,subtype_21,entityID_21,varA_21,varB_21,x_22,y_22,type_22,subtype_22,entityID_22,varA_22,varB_22,x_23,y_23,type_23,subtype_23,entityID_23,varA_23,varB_23,x_24,y_24,type_24,subtype_24,entityID_24,varA_24,varB_24,x_25,y_25,type_25,subtype_25,entityID_25,varA_25,varB_25,x_26,y_26,type_26,subtype_26,entityID_26,varA_26,varB_26,x_27,y_27,type_27,subtype_27,entityID_27,varA_27,varB_27,Region,Region Number,Index in Region
0,0850EF9C,0x85109a8,0x850ef8c,1,0,19,0.0,0.0,2.0,7.0,0.0,1.0,4.0,0.0,0.0,2.0,7.0,1.0,1.0,6.0,0.0,0.0,2.0,7.0,2.0,1.0,5.0,456.0,144.0,2.0,15.0,3.0,0.0,0.0,384.0,184.0,4.0,4.0,4.0,71.0,38.0,296.0,336.0,2.0,15.0,5.0,0.0,0.0,120.0,368.0,2.0,15.0,6.0,0.0,0.0,120.0,448.0,2.0,15.0,7.0,0.0,0.0,120.0,703.0,2.0,32.0,8.0,3.0,58.0,138.0,704.0,2.0,32.0,9.0,27.0,0.0,277.0,704.0,2.0,32.0,10.0,26.0,0.0,106.0,704.0,2.0,32.0,11.0,28.0,0.0,,,,,,,,,,,,,,,,,,,,,,,,,,,,,,,,,,,,,,,,,,,,,,,,,,,,,,,,,,,,,,,,,,,,,,,,,,,,,,,,,,,,,,,,,,,,,,,,,,,,,,,,,,Castle Corridor,1,1
1,0850F01C,0x8510a44,0x850f00c,1,2,20,0.0,0.0,2.0,31.0,0.0,0.0,0.0,224.0,160.0,2.0,29.0,1.0,0.0,0.0,,,,,,,,,,,,,,,,,,,,,,,,,,,,,,,,,,,,,,,,,,,,,,,,,,,,,,,,,,,,,,,,,,,,,,,,,,,,,,,,,,,,,,,,,,,,,,,,,,,,,,,,,,,,,,,,,,,,,,,,,,,,,,,,,,,,,,,,,,,,,,,,,,,,,,,,,,,,,,,,,,,,,,,,,,,,,,,,Castle Corridor,1,2
2,0850F0B4,0x8510a68,0x850f094,2,3,17,0.0,0.0,2.0,7.0,0.0,1.0,4.0,0.0,0.0,2.0,7.0,1.0,1.0,6.0,0.0,0.0,2.0,7.0,2.0,0.0,0.0,0.0,0.0,1.0,20.0,3.0,0.0,0.0,56.0,176.0,2.0,15.0,4.0,1.0,2.0,80.0,208.0,1.0,31.0,5.0,0.0,0.0,432.0,240.0,1.0,31.0,6.0,0.0,0.0,456.0,208.0,2.0,15.0,7.0,1.0,2.0,256.0,376.0,1.0,32.0,8.0,0.0,0.0,216.0,448.0,2.0,15.0,9.0,0.0,1.0,296.0,448.0,2.0,15.0,10.0,0.0,0.0,256.0,472.0,4.0,3.0,11.0,33.0,16.0,456.0,584.0,4.0,3.0,12.0,46.0,50.0,456.0,768.0,2.0,15.0,13.0,0.0,0.0,288.0,792.0,1.0,32.0,14.0,0.0,0.0,288.0,952.0,1.0,32.0,15.0,0.0,0.0,,,,,,,,,,,,,,,,,,,,,,,,,,,,,,,,,,,,,,,,,,,,,,,,,,,,,,,,,,,,,,,,,,,,,,,,,,,,,,Castle Corridor,1,3
3,0850F15C,0x8510b34,0x850f12c,3,2,21,8.0,160.0,2.0,0.0,0.0,0.0,0.0,16.0,128.0,2.0,7.0,1.0,0.0,1.0,16.0,0.0,2.0,7.0,2.0,1.0,1.0,128.0,176.0,1.0,1.0,3.0,2.0,1.0,256.0,128.0,3.0,0.0,4.0,1.0,0.0,512.0,128.0,3.0,0.0,5.0,1.0,0.0,768.0,128.0,3.0,1.0,6.0,1.0,1.0,1024.0,128.0,3.0,0.0,7.0,1.0,0.0,,,,,,,,,,,,,,,,,,,,,,,,,,,,,,,,,,,,,,,,,,,,,,,,,,,,,,,,,,,,,,,,,,,,,,,,,,,,,,,,,,,,,,,,,,,,,,,,,,,,,,,,,,,,,,,,,,,,,,,,,,,,,,,,,,,,,,Castle Corridor,1,4
4,0850F1E4,0x8510ba0,0x850f1c4,2,6,22,,,,,,,,,,,,,,,,,,,,,,,,,,,,,,,,,,,,,,,,,,,,,,,,,,,,,,,,,,,,,,,,,,,,,,,,,,,,,,,,,,,,,,,,,,,,,,,,,,,,,,,,,,,,,,,,,,,,,,,,,,,,,,,,,,,,,,,,,,,,,,,,,,,,,,,,,,,,,,,,,,,,,,,,,,,,,,,,,,,,,,,,,,,,,,Castle Corridor,1,5
5,0850F294,0x8510bac,0x850f254,4,7,21,0.0,0.0,2.0,7.0,0.0,1.0,3.0,8.0,416.0,2.0,0.0,1.0,0.0,0.0,16.0,464.0,1.0,3.0,2.0,1.0,1.0,64.0,288.0,3.0,0.0,3.0,1.0,0.0,192.0,176.0,1.0,0.0,4.0,0.0,0.0,208.0,176.0,1.0,0.0,5.0,0.0,0.0,208.0,248.0,4.0,3.0,6.0,17.0,3.0,208.0,344.0,2.0,15.0,7.0,0.0,0.0,256.0,88.0,4.0,4.0,8.0,64.0,25.0,256.0,376.0,4.0,8.0,9.0,1.0,1.0,304.0,344.0,2.0,15.0,10.0,0.0,0.0,304.0,176.0,1.0,0.0,11.0,0.0,0.0,320.0,176.0,1.0,0.0,12.0,0.0,0.0,448.0,288.0,3.0,0.0,13.0,1.0,0.0,,,,,,,,,,,,,,,,,,,,,,,,,,,,,,,,,,,,,,,,,,,,,,,,,,,,,,,,,,,,,,,,,,,,,,,,,,,,,,,,,,,,,,,,,,,,Castle Corridor,1,6
6,0850F32C,0x8510c60,0x850f30c,2,9,21,0.0,0.0,2.0,7.0,0.0,0.0,2.0,0.0,0.0,2.0,7.0,1.0,1.0,1.0,128.0,176.0,1.0,2.0,2.0,0.0,0.0,256.0,128.0,3.0,0.0,3.0,1.0,0.0,320.0,176.0,1.0,2.0,4.0,0.0,0.0,384.0,176.0,1.0,2.0,5.0,0.0,0.0,448.0,176.0,1.0,2.0,6.0,0.0,0.0,512.0,128.0,3.0,0.0,7.0,1.0,0.0,640.0,176.0,1.0,2.0,8.0,0.0,0.0,,,,,,,,,,,,,,,,,,,,,,,,,,,,,,,,,,,,,,,,,,,,,,,,,,,,,,,,,,,,,,,,,,,,,,,,,,,,,,,,,,,,,,,,,,,,,,,,,,,,,,,,,,,,,,,,,,,,,,,,,,,,,,,Castle Corridor,1,7
7,0850F3B4,0x8510cd8,0x850f394,2,12,15,,,,,,,,,,,,,,,,,,,,,,,,,,,,,,,,,,,,,,,,,,,,,,,,,,,,,,,,,,,,,,,,,,,,,,,,,,,,,,,,,,,,,,,,,,,,,,,,,,,,,,,,,,,,,,,,,,,,,,,,,,,,,,,,,,,,,,,,,,,,,,,,,,,,,,,,,,,,,,,,,,,,,,,,,,,,,,,,,,,,,,,,,,,,,,Castle Corridor,1,8
8,0850F44C,0x8510ce4,0x850f42c,2,13,15,0.0,0.0,2.0,7.0,0.0,1.0,4.0,0.0,0.0,2.0,7.0,1.0,1.0,5.0,8.0,160.0,2.0,0.0,2.0,0.0,0.0,,,,,,,,,,,,,,,,,,,,,,,,,,,,,,,,,,,,,,,,,,,,,,,,,,,,,,,,,,,,,,,,,,,,,,,,,,,,,,,,,,,,,,,,,,,,,,,,,,,,,,,,,,,,,,,,,,,,,,,,,,,,,,,,,,,,,,,,,,,,,,,,,,,,,,,,,,,,,,,,,,,,,,,,,Castle Corridor,1,9
9,0850F4F4,0x8510d14,0x850f4c4,3,12,16,0.0,0.0,2.0,7.0,0.0,1.0,6.0,0.0,0.0,2.0,7.0,1.0,1.0,5.0,0.0,0.0,2.0,7.0,2.0,0.0,3.0,256.0,256.0,1.0,15.0,3.0,0.0,0.0,216.0,256.0,2.0,15.0,4.0,0.0,0.0,296.0,256.0,2.0,15.0,5.0,0.0,0.0,256.0,448.0,1.0,15.0,6.0,0.0,0.0,296.0,448.0,2.0,15.0,7.0,0.0,0.0,216.0,480.0,2.0,15.0,8.0,0.0,0.0,256.0,640.0,1.0,15.0,9.0,0.0,0.0,216.0,640.0,2.0,15.0,10.0,0.0,0.0,296.0,672.0,2.0,15.0,11.0,0.0,0.0,472.0,736.0,2.0,15.0,12.0,0.0,0.0,216.0,832.0,2.0,15.0,13.0,0.0,0.0,296.0,832.0,2.0,15.0,14.0,0.0,0.0,256.0,888.0,1.0,4.0,15.0,0.0,0.0,48.0,1096.0,4.0,3.0,16.0,18.0,45.0,120.0,1120.0,2.0,15.0,17.0,0.0,1.0,464.0,1176.0,1.0,5.0,18.0,0.0,0.0,264.0,1216.0,2.0,15.0,19.0,0.0,0.0,48.0,1272.0,1.0,5.0,20.0,0.0,0.0,256.0,1280.0,1.0,4.0,21.0,0.0,0.0,128.0,1416.0,3.0,0.0,22.0,1.0,0.0,224.0,1416.0,3.0,0.0,23.0,1.0,0.0,320.0,1416.0,3.0,0.0,24.0,1.0,0.0,504.0,1440.0,2.0,2.0,25.0,0.0,11.0,256.0,1464.0,1.0,4.0,26.0,0.0,0.0,Castle Corridor,1,10
10,0850F58C,0x8510e64,0x850f56c,2,14,21,0.0,0.0,2.0,7.0,0.0,0.0,5.0,0.0,0.0,2.0,7.0,1.0,1.0,2.0,8.0,160.0,2.0,2.0,2.0,1.0,11.0,128.0,176.0,2.0,10.0,3.0,2.0,11.0,256.0,176.0,1.0,33.0,4.0,1.0,0.0,256.0,176.0,2.0,10.0,5.0,2.0,11.0,384.0,176.0,2.0,10.0,6.0,2.0,11.0,504.0,160.0,2.0,2.0,7.0,1.0,11.0,,,,,,,,,,,,,,,,,,,,,,,,,,,,,,,,,,,,,,,,,,,,,,,,,,,,,,,,,,,,,,,,,,,,,,,,,,,,,,,,,,,,,,,,,,,,,,,,,,,,,,,,,,,,,,,,,,,,,,,,,,,,,,,,,,,,,,Castle Corridor,1,11
11,0850F60C,0x8510ed0,0x850f5fc,1,15,22,48.0,144.0,4.0,2.0,0.0,95.0,5.0,,,,,,,,,,,,,,,,,,,,,,,,,,,,,,,,,,,,,,,,,,,,,,,,,,,,,,,,,,,,,,,,,,,,,,,,,,,,,,,,,,,,,,,,,,,,,,,,,,,,,,,,,,,,,,,,,,,,,,,,,,,,,,,,,,,,,,,,,,,,,,,,,,,,,,,,,,,,,,,,,,,,,,,,,,,,,,,,,,,,,,,Castle Corridor,1,12
12,0850F6DC,0x8510ee8,0x850f6bc,2,16,16,0.0,0.0,2.0,7.0,0.0,1.0,5.0,0.0,0.0,2.0,7.0,1.0,1.0,6.0,0.0,0.0,2.0,7.0,2.0,0.0,3.0,128.0,504.0,1.0,10.0,3.0,0.0,0.0,128.0,624.0,1.0,9.0,4.0,0.0,0.0,96.0,752.0,1.0,9.0,5.0,0.0,0.0,128.0,880.0,1.0,9.0,6.0,0.0,0.0,96.0,1016.0,1.0,5.0,7.0,1.0,0.0,96.0,1096.0,1.0,5.0,8.0,0.0,0.0,,,,,,,,,,,,,,,,,,,,,,,,,,,,,,,,,,,,,,,,,,,,,,,,,,,,,,,,,,,,,,,,,,,,,,,,,,,,,,,,,,,,,,,,,,,,,,,,,,,,,,,,,,,,,,,,,,,,,,,,,,,,,,,Castle Corridor,1,13
13,0850F774,0x8510f60,0x850f754,2,17,16,128.0,176.0,4.0,2.0,0.0,90.0,0.0,208.0,104.0,1.0,11.0,1.0,0.0,0.0,,,,,,,,,,,,,,,,,,,,,,,,,,,,,,,,,,,,,,,,,,,,,,,,,,,,,,,,,,,,,,,,,,,,,,,,,,,,,,,,,,,,,,,,,,,,,,,,,,,,,,,,,,,,,,,,,,,,,,,,,,,,,,,,,,,,,,,,,,,,,,,,,,,,,,,,,,,,,,,,,,,,,,,,,,,,,,,,Castle Corridor,1,14
14,0850F7EC,0x8510f84,0x850f7dc,1,17,21,0.0,0.0,2.0,29.0,0.0,1.0,0.0,0.0,0.0,2.0,28.0,1.0,0.0,0.0,,,,,,,,,,,,,,,,,,,,,,,,,,,,,,,,,,,,,,,,,,,,,,,,,,,,,,,,,,,,,,,,,,,,,,,,,,,,,,,,,,,,,,,,,,,,,,,,,,,,,,,,,,,,,,,,,,,,,,,,,,,,,,,,,,,,,,,,,,,,,,,,,,,,,,,,,,,,,,,,,,,,,,,,,,,,,,,,Castle Corridor,1,15
15,0850F8A4,0x8510fa8,0x850f864,4,18,15,48.0,296.0,4.0,2.0,0.0,92.0,0.0,160.0,408.0,3.0,0.0,1.0,10.0,0.0,240.0,280.0,1.0,13.0,2.0,0.0,0.0,264.0,240.0,3.0,0.0,3.0,10.0,0.0,288.0,432.0,1.0,12.0,4.0,0.0,0.0,384.0,432.0,1.0,4.0,5.0,2.0,0.0,384.0,216.0,2.0,14.0,6.0,0.0,1.0,384.0,440.0,2.0,14.0,7.0,0.0,3.0,480.0,432.0,1.0,12.0,8.0,0.0,0.0,504.0,240.0,3.0,0.0,9.0,10.0,0.0,560.0,152.0,1.0,13.0,10.0,2.0,0.0,608.0,408.0,3.0,0.0,11.0,10.0,0.0,720.0,296.0,4.0,4.0,12.0,50.0,9.0,,,,,,,,,,,,,,,,,,,,,,,,,,,,,,,,,,,,,,,,,,,,,,,,,,,,,,,,,,,,,,,,,,,,,,,,,,,,,,,,,,,,,,,,,,,,,,,,,,,Castle Corridor,1,16
16,0850F944,0x8511050,0x850f914,3,17,22,16.0,128.0,2.0,7.0,0.0,1.0,3.0,80.0,120.0,2.0,15.0,1.0,0.0,0.0,176.0,120.0,2.0,15.0,2.0,0.0,0.0,304.0,128.0,2.0,18.0,3.0,1.0,0.0,384.0,80.0,3.0,0.0,4.0,1.0,0.0,384.0,184.0,1.0,7.0,5.0,0.0,0.0,496.0,128.0,2.0,18.0,6.0,1.0,0.0,560.0,80.0,3.0,0.0,7.0,1.0,0.0,624.0,128.0,2.0,18.0,8.0,1.0,0.0,640.0,104.0,1.0,0.0,9.0,0.0,0.0,672.0,184.0,1.0,7.0,10.0,0.0,1.0,752.0,128.0,2.0,18.0,11.0,1.0,0.0,784.0,104.0,1.0,0.0,12.0,0.0,0.0,800.0,104.0,1.0,0.0,13.0,0.0,0.0,816.0,104.0,1.0,0.0,14.0,0.0,0.0,880.0,128.0,2.0,18.0,15.0,1.0,0.0,944.0,128.0,2.0,18.0,16.0,1.0,0.0,960.0,184.0,1.0,7.0,17.0,0.0,0.0,976.0,104.0,1.0,0.0,18.0,0.0,0.0,1008.0,128.0,2.0,18.0,19.0,1.0,0.0,1136.0,104.0,4.0,6.0,20.0,2.0,1.0,1272.0,160.0,2.0,0.0,21.0,0.0,0.0,,,,,,,,,,,,,,,,,,,,,,,,,,,,,,,,,,,,Castle Corridor,1,17
17,0850F9D4,0x8511164,0x850f9b4,2,20,20,48.0,240.0,2.0,14.0,0.0,1.0,0.0,192.0,368.0,2.0,14.0,1.0,1.0,0.0,48.0,408.0,2.0,14.0,2.0,8.0,0.0,,,,,,,,,,,,,,,,,,,,,,,,,,,,,,,,,,,,,,,,,,,,,,,,,,,,,,,,,,,,,,,,,,,,,,,,,,,,,,,,,,,,,,,,,,,,,,,,,,,,,,,,,,,,,,,,,,,,,,,,,,,,,,,,,,,,,,,,,,,,,,,,,,,,,,,,,,,,,,,,,,,,,,,,,Castle Corridor,1,18
18,0850FA64,0x8511194,0x850fa44,2,21,16,0.0,0.0,1.0,14.0,1.0,1.0,1.0,256.0,176.0,1.0,12.0,2.0,0.0,0.0,232.0,152.0,3.0,1.0,9.0,1.0,1.0,424.0,152.0,3.0,0.0,10.0,1.0,0.0,568.0,176.0,1.0,6.0,3.0,1.0,0.0,616.0,152.0,3.0,0.0,11.0,1.0,0.0,640.0,176.0,1.0,12.0,4.0,0.0,0.0,896.0,176.0,1.0,12.0,5.0,0.0,0.0,952.0,192.0,2.0,18.0,0.0,0.0,0.0,1096.0,152.0,3.0,0.0,12.0,1.0,0.0,1152.0,176.0,1.0,12.0,6.0,0.0,0.0,1280.0,176.0,1.0,6.0,7.0,0.0,0.0,1288.0,152.0,3.0,0.0,13.0,1.0,0.0,1480.0,152.0,3.0,1.0,14.0,1.0,1.0,1536.0,176.0,1.0,12.0,8.0,0.0,0.0,,,,,,,,,,,,,,,,,,,,,,,,,,,,,,,,,,,,,,,,,,,,,,,,,,,,,,,,,,,,,,,,,,,,,,,,,,,,,,,,,,,,,Castle Corridor,1,19
19,0850FAF4,0x8511254,0x850fad4,2,21,20,88.0,184.0,2.0,14.0,0.0,9.0,0.0,120.0,152.0,2.0,15.0,1.0,0.0,0.0,152.0,184.0,2.0,14.0,2.0,9.0,0.0,232.0,160.0,2.0,0.0,3.0,0.0,0.0,,,,,,,,,,,,,,,,,,,,,,,,,,,,,,,,,,,,,,,,,,,,,,,,,,,,,,,,,,,,,,,,,,,,,,,,,,,,,,,,,,,,,,,,,,,,,,,,,,,,,,,,,,,,,,,,,,,,,,,,,,,,,,,,,,,,,,,,,,,,,,,,,,,,,,,,,,,,,,,,,,Castle Corridor,1,20
20,0850FB9C,0x8511290,0x850fb6c,3,28,14,208.0,216.0,1.0,31.0,0.0,0.0,0.0,304.0,216.0,1.0,31.0,1.0,0.0,0.0,256.0,376.0,1.0,31.0,2.0,0.0,0.0,48.0,440.0,2.0,14.0,3.0,0.0,0.0,464.0,440.0,2.0,14.0,4.0,0.0,0.0,256.0,528.0,2.0,14.0,5.0,0.0,1.0,144.0,640.0,3.0,0.0,6.0,10.0,0.0,368.0,640.0,3.0,0.0,7.0,10.0,0.0,128.0,688.0,1.0,2.0,8.0,0.0,0.0,384.0,688.0,1.0,2.0,9.0,0.0,0.0,256.0,688.0,1.0,6.0,10.0,0.0,0.0,,,,,,,,,,,,,,,,,,,,,,,,,,,,,,,,,,,,,,,,,,,,,,,,,,,,,,,,,,,,,,,,,,,,,,,,,,,,,,,,,,,,,,,,,,,,,,,,,,,,,,,,,,,,,,,,,Castle Corridor,1,21
21,0850FC34,0x8511320,0x850fc14,2,29,13,8.0,160.0,2.0,0.0,0.0,0.0,0.0,,,,,,,,,,,,,,,,,,,,,,,,,,,,,,,,,,,,,,,,,,,,,,,,,,,,,,,,,,,,,,,,,,,,,,,,,,,,,,,,,,,,,,,,,,,,,,,,,,,,,,,,,,,,,,,,,,,,,,,,,,,,,,,,,,,,,,,,,,,,,,,,,,,,,,,,,,,,,,,,,,,,,,,,,,,,,,,,,,,,,,,Castle Corridor,1,22
22,0850FCC4,0x8511338,0x850fca4,2,30,16,128.0,191.0,1.0,1.0,0.0,2.0,1.0,232.0,152.0,3.0,0.0,1.0,1.0,0.0,320.0,160.0,1.0,2.0,2.0,0.0,0.0,424.0,152.0,3.0,0.0,3.0,1.0,0.0,728.0,192.0,2.0,18.0,4.0,0.0,0.0,872.0,152.0,3.0,0.0,5.0,1.0,0.0,960.0,160.0,1.0,2.0,6.0,0.0,0.0,1064.0,152.0,3.0,0.0,7.0,1.0,0.0,,,,,,,,,,,,,,,,,,,,,,,,,,,,,,,,,,,,,,,,,,,,,,,,,,,,,,,,,,,,,,,,,,,,,,,,,,,,,,,,,,,,,,,,,,,,,,,,,,,,,,,,,,,,,,,,,,,,,,,,,,,,,,,,,,,,,,Castle Corridor,1,23
23,0850FD6C,0x85113a4,0x850fd3c,3,35,15,0.0,0.0,2.0,7.0,0.0,1.0,5.0,0.0,0.0,2.0,7.0,1.0,1.0,6.0,232.0,160.0,2.0,0.0,2.0,0.0,0.0,40.0,224.0,2.0,15.0,3.0,0.0,0.0,40.0,224.0,2.0,15.0,4.0,0.0,0.0,184.0,224.0,2.0,15.0,5.0,0.0,0.0,96.0,320.0,3.0,0.0,6.0,12.0,0.0,128.0,320.0,3.0,0.0,7.0,12.0,0.0,112.0,376.0,3.0,0.0,8.0,12.0,1.0,120.0,440.0,1.0,13.0,9.0,0.0,0.0,,,,,,,,,,,,,,,,,,,,,,,,,,,,,,,,,,,,,,,,,,,,,,,,,,,,,,,,,,,,,,,,,,,,,,,,,,,,,,,,,,,,,,,,,,,,,,,,,,,,,,,,,,,,,,,,,,,,,,,,Castle Corridor,1,24
24,0850FDFC,0x8511428,0x850fddc,2,36,16,128.0,144.0,1.0,16.0,2.0,0.0,0.0,136.0,152.0,3.0,0.0,11.0,1.0,0.0,232.0,176.0,1.0,5.0,3.0,0.0,0.0,232.0,152.0,1.0,9.0,4.0,0.0,0.0,384.0,144.0,1.0,16.0,5.0,0.0,0.0,448.0,144.0,1.0,16.0,6.0,0.0,0.0,512.0,184.0,1.0,5.0,7.0,0.0,0.0,576.0,184.0,1.0,18.0,8.0,0.0,0.0,616.0,152.0,3.0,0.0,12.0,1.0,0.0,,,,,,,,,,,,,,,,,,,,,,,,,,,,,,,,,,,,,,,,,,,,,,,,,,,,,,,,,,,,,,,,,,,,,,,,,,,,,,,,,,,,,,,,,,,,,,,,,,,,,,,,,,,,,,,,,,,,,,,,,,,,,,,Castle Corridor,1,25
25,0850FEEC,0x85114a0,0x850feac,4,39,16,0.0,0.0,2.0,7.0,0.0,1.0,5.0,0.0,0.0,2.0,7.0,1.0,1.0,6.0,0.0,0.0,2.0,7.0,2.0,0.0,3.0,32.0,88.0,4.0,3.0,3.0,39.0,32.0,,,,,,,,,,,,,,,,,,,,,,,,,,,,,,,,,,,,,,,,,,,,,,,,,,,,,,,,,,,,,,,,,,,,,,,,,,,,,,,,,,,,,,,,,,,,,,,,,,,,,,,,,,,,,,,,,,,,,,,,,,,,,,,,,,,,,,,,,,,,,,,,,,,,,,,,,,,,,,,,,,Castle Corridor,1,26
26,0850FF84,0x85114dc,0x850ff64,2,40,17,0.0,0.0,2.0,32.0,0.0,4.0,0.0,504.0,160.0,2.0,0.0,1.0,0.0,0.0,,,,,,,,,,,,,,,,,,,,,,,,,,,,,,,,,,,,,,,,,,,,,,,,,,,,,,,,,,,,,,,,,,,,,,,,,,,,,,,,,,,,,,,,,,,,,,,,,,,,,,,,,,,,,,,,,,,,,,,,,,,,,,,,,,,,,,,,,,,,,,,,,,,,,,,,,,,,,,,,,,,,,,,,,,,,,,,,Castle Corridor,1,27
27,0851000C,0x8511500,0x850ffec,2,22,20,,,,,,,,,,,,,,,,,,,,,,,,,,,,,,,,,,,,,,,,,,,,,,,,,,,,,,,,,,,,,,,,,,,,,,,,,,,,,,,,,,,,,,,,,,,,,,,,,,,,,,,,,,,,,,,,,,,,,,,,,,,,,,,,,,,,,,,,,,,,,,,,,,,,,,,,,,,,,,,,,,,,,,,,,,,,,,,,,,,,,,,,,,,,,,Castle Corridor,1,28
28,08510094,0x851150c,0x8510074,2,22,22,,,,,,,,,,,,,,,,,,,,,,,,,,,,,,,,,,,,,,,,,,,,,,,,,,,,,,,,,,,,,,,,,,,,,,,,,,,,,,,,,,,,,,,,,,,,,,,,,,,,,,,,,,,,,,,,,,,,,,,,,,,,,,,,,,,,,,,,,,,,,,,,,,,,,,,,,,,,,,,,,,,,,,,,,,,,,,,,,,,,,,,,,,,,,,Castle Corridor,1,29
29,0851011C,0x8511518,0x85100fc,2,28,13,,,,,,,,,,,,,,,,,,,,,,,,,,,,,,,,,,,,,,,,,,,,,,,,,,,,,,,,,,,,,,,,,,,,,,,,,,,,,,,,,,,,,,,,,,,,,,,,,,,,,,,,,,,,,,,,,,,,,,,,,,,,,,,,,,,,,,,,,,,,,,,,,,,,,,,,,,,,,,,,,,,,,,,,,,,,,,,,,,,,,,,,,,,,,,Castle Corridor,1,30
30,085101A4,0x8511524,0x8510184,2,36,15,,,,,,,,,,,,,,,,,,,,,,,,,,,,,,,,,,,,,,,,,,,,,,,,,,,,,,,,,,,,,,,,,,,,,,,,,,,,,,,,,,,,,,,,,,,,,,,,,,,,,,,,,,,,,,,,,,,,,,,,,,,,,,,,,,,,,,,,,,,,,,,,,,,,,,,,,,,,,,,,,,,,,,,,,,,,,,,,,,,,,,,,,,,,,,Castle Corridor,1,31
31,0851021C,0x8510f84,0x851020c,1,40,16,0.0,0.0,2.0,29.0,0.0,1.0,0.0,0.0,0.0,2.0,28.0,1.0,0.0,0.0,,,,,,,,,,,,,,,,,,,,,,,,,,,,,,,,,,,,,,,,,,,,,,,,,,,,,,,,,,,,,,,,,,,,,,,,,,,,,,,,,,,,,,,,,,,,,,,,,,,,,,,,,,,,,,,,,,,,,,,,,,,,,,,,,,,,,,,,,,,,,,,,,,,,,,,,,,,,,,,,,,,,,,,,,,,,,,,,Castle Corridor,1,32
32,085102A4,0x8511530,0x8510284,2,42,17,,,,,,,,,,,,,,,,,,,,,,,,,,,,,,,,,,,,,,,,,,,,,,,,,,,,,,,,,,,,,,,,,,,,,,,,,,,,,,,,,,,,,,,,,,,,,,,,,,,,,,,,,,,,,,,,,,,,,,,,,,,,,,,,,,,,,,,,,,,,,,,,,,,,,,,,,,,,,,,,,,,,,,,,,,,,,,,,,,,,,,,,,,,,,,Castle Corridor,1,33
33,0851033C,0x851153c,0x851031c,2,18,14,232.0,160.0,2.0,0.0,0.0,0.0,0.0,,,,,,,,,,,,,,,,,,,,,,,,,,,,,,,,,,,,,,,,,,,,,,,,,,,,,,,,,,,,,,,,,,,,,,,,,,,,,,,,,,,,,,,,,,,,,,,,,,,,,,,,,,,,,,,,,,,,,,,,,,,,,,,,,,,,,,,,,,,,,,,,,,,,,,,,,,,,,,,,,,,,,,,,,,,,,,,,,,,,,,,Castle Corridor,1,34
34,085103C4,0x8511554,0x85103a4,2,19,14,,,,,,,,,,,,,,,,,,,,,,,,,,,,,,,,,,,,,,,,,,,,,,,,,,,,,,,,,,,,,,,,,,,,,,,,,,,,,,,,,,,,,,,,,,,,,,,,,,,,,,,,,,,,,,,,,,,,,,,,,,,,,,,,,,,,,,,,,,,,,,,,,,,,,,,,,,,,,,,,,,,,,,,,,,,,,,,,,,,,,,,,,,,,,,Castle Corridor,1,35
35,0851048C,0x8511560,0x851043c,5,16,21,208.0,152.0,4.0,2.0,0.0,81.0,29.0,8.0,160.0,2.0,2.0,1.0,0.0,11.0,128.0,256.0,1.0,0.0,2.0,0.0,0.0,144.0,256.0,1.0,0.0,3.0,0.0,0.0,112.0,352.0,1.0,0.0,4.0,0.0,0.0,64.0,384.0,1.0,6.0,5.0,0.0,0.0,16.0,392.0,2.0,8.0,6.0,0.0,32.0,,,,,,,,,,,,,,,,,,,,,,,,,,,,,,,,,,,,,,,,,,,,,,,,,,,,,,,,,,,,,,,,,,,,,,,,,,,,,,,,,,,,,,,,,,,,,,,,,,,,,,,,,,,,,,,,,,,,,,,,,,,,,,,,,,,,,,,,,,,,,Castle Corridor,1,36
36,08510504,0x8510f84,0x85104f4,1,9,22,0.0,0.0,2.0,29.0,0.0,1.0,0.0,0.0,0.0,2.0,28.0,1.0,0.0,0.0,,,,,,,,,,,,,,,,,,,,,,,,,,,,,,,,,,,,,,,,,,,,,,,,,,,,,,,,,,,,,,,,,,,,,,,,,,,,,,,,,,,,,,,,,,,,,,,,,,,,,,,,,,,,,,,,,,,,,,,,,,,,,,,,,,,,,,,,,,,,,,,,,,,,,,,,,,,,,,,,,,,,,,,,,,,,,,,,Castle Corridor,1,37
37,0851059C,0x85115c0,0x851057c,2,21,15,184.0,176.0,1.0,4.0,0.0,1.0,0.0,232.0,152.0,3.0,0.0,1.0,1.0,0.0,376.0,176.0,1.0,5.0,2.0,1.0,0.0,424.0,152.0,3.0,0.0,3.0,1.0,0.0,568.0,176.0,1.0,4.0,4.0,1.0,0.0,616.0,152.0,3.0,0.0,5.0,1.0,0.0,,,,,,,,,,,,,,,,,,,,,,,,,,,,,,,,,,,,,,,,,,,,,,,,,,,,,,,,,,,,,,,,,,,,,,,,,,,,,,,,,,,,,,,,,,,,,,,,,,,,,,,,,,,,,,,,,,,,,,,,,,,,,,,,,,,,,,,,,,,,,,,,,,,,Castle Corridor,1,38
38,08510644,0x8511614,0x8510614,3,24,14,80.0,152.0,4.0,4.0,0.0,62.0,21.0,112.0,248.0,3.0,0.0,1.0,1.0,0.0,112.0,408.0,3.0,0.0,2.0,1.0,0.0,176.0,136.0,4.0,2.0,3.0,93.0,0.0,176.0,384.0,1.0,0.0,4.0,0.0,0.0,192.0,384.0,1.0,0.0,5.0,0.0,0.0,208.0,384.0,1.0,0.0,6.0,0.0,0.0,208.0,312.0,3.0,0.0,7.0,1.0,0.0,208.0,408.0,3.0,0.0,8.0,1.0,0.0,320.0,176.0,2.0,14.0,9.0,0.0,0.0,384.0,176.0,1.0,4.0,10.0,0.0,0.0,448.0,176.0,2.0,14.0,11.0,0.0,0.0,560.0,304.0,3.0,0.0,12.0,1.0,0.0,560.0,504.0,3.0,0.0,13.0,1.0,0.0,608.0,432.0,1.0,13.0,14.0,0.0,0.0,656.0,248.0,3.0,0.0,15.0,1.0,0.0,656.0,504.0,3.0,0.0,16.0,1.0,0.0,704.0,272.0,2.0,14.0,17.0,0.0,0.0,,,,,,,,,,,,,,,,,,,,,,,,,,,,,,,,,,,,,,,,,,,,,,,,,,,,,,,,,,,,,,,,Castle Corridor,1,39
39,085106CC,0x85116f8,0x85106bc,1,27,14,112.0,152.0,3.0,0.0,0.0,1.0,0.0,144.0,184.0,1.0,28.0,1.0,0.0,0.0,176.0,104.0,4.0,4.0,2.0,51.0,10.0,,,,,,,,,,,,,,,,,,,,,,,,,,,,,,,,,,,,,,,,,,,,,,,,,,,,,,,,,,,,,,,,,,,,,,,,,,,,,,,,,,,,,,,,,,,,,,,,,,,,,,,,,,,,,,,,,,,,,,,,,,,,,,,,,,,,,,,,,,,,,,,,,,,,,,,,,,,,,,,,,,,,,,,,,Castle Corridor,1,40
40,08510754,0x8511728,0x8510744,1,27,15,112.0,152.0,3.0,0.0,0.0,1.0,0.0,176.0,136.0,4.0,4.0,1.0,68.0,30.0,192.0,120.0,1.0,11.0,2.0,0.0,0.0,,,,,,,,,,,,,,,,,,,,,,,,,,,,,,,,,,,,,,,,,,,,,,,,,,,,,,,,,,,,,,,,,,,,,,,,,,,,,,,,,,,,,,,,,,,,,,,,,,,,,,,,,,,,,,,,,,,,,,,,,,,,,,,,,,,,,,,,,,,,,,,,,,,,,,,,,,,,,,,,,,,,,,,,,Castle Corridor,1,41
41,085107D4,0x8511758,0x85107c4,1,33,18,0.0,0.0,2.0,7.0,0.0,1.0,3.0,48.0,152.0,4.0,1.0,1.0,157.0,4.0,120.0,152.0,2.0,15.0,2.0,0.0,0.0,,,,,,,,,,,,,,,,,,,,,,,,,,,,,,,,,,,,,,,,,,,,,,,,,,,,,,,,,,,,,,,,,,,,,,,,,,,,,,,,,,,,,,,,,,,,,,,,,,,,,,,,,,,,,,,,,,,,,,,,,,,,,,,,,,,,,,,,,,,,,,,,,,,,,,,,,,,,,,,,,,,,,,,,,Castle Corridor,1,42
42,08510864,0x8511788,0x8510844,2,34,18,0.0,0.0,2.0,7.0,0.0,1.0,3.0,328.0,72.0,1.0,0.0,1.0,0.0,0.0,344.0,72.0,1.0,0.0,2.0,0.0,0.0,432.0,128.0,2.0,18.0,3.0,1.0,0.0,432.0,176.0,1.0,7.0,4.0,0.0,0.0,520.0,72.0,1.0,0.0,5.0,0.0,0.0,536.0,72.0,1.0,0.0,6.0,0.0,0.0,,,,,,,,,,,,,,,,,,,,,,,,,,,,,,,,,,,,,,,,,,,,,,,,,,,,,,,,,,,,,,,,,,,,,,,,,,,,,,,,,,,,,,,,,,,,,,,,,,,,,,,,,,,,,,,,,,,,,,,,,,,,,,,,,,,,,,,,,,,,,Castle Corridor,1,43
43,08510904,0x85117e8,0x85108d4,3,37,17,0.0,0.0,2.0,7.0,0.0,1.0,3.0,0.0,464.0,1.0,3.0,1.0,1.0,1.0,48.0,152.0,2.0,14.0,2.0,8.0,1.0,112.0,344.0,2.0,15.0,3.0,0.0,0.0,208.0,208.0,1.0,12.0,4.0,0.0,0.0,240.0,344.0,2.0,15.0,5.0,0.0,0.0,272.0,344.0,2.0,15.0,6.0,0.0,0.0,368.0,400.0,2.0,18.0,7.0,1.0,0.0,400.0,280.0,2.0,15.0,8.0,0.0,0.0,,,,,,,,,,,,,,,,,,,,,,,,,,,,,,,,,,,,,,,,,,,,,,,,,,,,,,,,,,,,,,,,,,,,,,,,,,,,,,,,,,,,,,,,,,,,,,,,,,,,,,,,,,,,,,,,,,,,,,,,,,,,,,,Castle Corridor,1,44
44,08510984,0x8511860,0x8510974,1,39,18,0.0,0.0,2.0,7.0,0.0,1.0,3.0,112.0,176.0,1.0,12.0,1.0,0.0,0.0,192.0,152.0,4.0,2.0,2.0,94.0,0.0,,,,,,,,,,,,,,,,,,,,,,,,,,,,,,,,,,,,,,,,,,,,,,,,,,,,,,,,,,,,,,,,,,,,,,,,,,,,,,,,,,,,,,,,,,,,,,,,,,,,,,,,,,,,,,,,,,,,,,,,,,,,,,,,,,,,,,,,,,,,,,,,,,,,,,,,,,,,,,,,,,,,,,,,,Castle Corridor,1,45
45,0851192C,0x85124a8,0x85118fc,3,41,21,80.0,120.0,3.0,0.0,3.0,4.0,0.0,128.0,144.0,1.0,16.0,0.0,0.0,0.0,80.0,248.0,3.0,0.0,4.0,4.0,0.0,168.0,288.0,1.0,16.0,1.0,0.0,0.0,80.0,400.0,3.0,1.0,5.0,4.0,1.0,232.0,416.0,2.0,0.0,6.0,0.0,0.0,48.0,447.0,1.0,32.0,2.0,0.0,0.0,,,,,,,,,,,,,,,,,,,,,,,,,,,,,,,,,,,,,,,,,,,,,,,,,,,,,,,,,,,,,,,,,,,,,,,,,,,,,,,,,,,,,,,,,,,,,,,,,,,,,,,,,,,,,,,,,,,,,,,,,,,,,,,,,,,,,,,,,,,,,Chapel,2,1
46,085119E4,0x8512508,0x85119d4,1,42,19,48.0,120.0,4.0,2.0,0.0,131.0,8.0,104.0,159.0,1.0,61.0,1.0,8.0,1.0,,,,,,,,,,,,,,,,,,,,,,,,,,,,,,,,,,,,,,,,,,,,,,,,,,,,,,,,,,,,,,,,,,,,,,,,,,,,,,,,,,,,,,,,,,,,,,,,,,,,,,,,,,,,,,,,,,,,,,,,,,,,,,,,,,,,,,,,,,,,,,,,,,,,,,,,,,,,,,,,,,,,,,,,,,,,,,,,Chapel,2,2
47,08511ABC,0x851252c,0x8511a9c,2,42,21,128.0,144.0,1.0,18.0,0.0,0.0,0.0,160.0,144.0,1.0,24.0,1.0,0.0,0.0,256.0,112.0,1.0,0.0,2.0,0.0,0.0,256.0,128.0,3.0,0.0,3.0,3.0,0.0,336.0,144.0,1.0,18.0,4.0,0.0,0.0,432.0,160.0,1.0,24.0,5.0,0.0,0.0,512.0,112.0,1.0,0.0,6.0,0.0,0.0,512.0,128.0,3.0,0.0,7.0,3.0,0.0,576.0,144.0,1.0,18.0,8.0,0.0,0.0,760.0,160.0,2.0,2.0,9.0,0.0,10.0,,,,,,,,,,,,,,,,,,,,,,,,,,,,,,,,,,,,,,,,,,,,,,,,,,,,,,,,,,,,,,,,,,,,,,,,,,,,,,,,,,,,,,,,,,,,,,,,,,,,,,,,,,,,,,,,,,,,,,,,Chapel,2,3
48,08511B84,0x85125b0,0x8511b64,2,43,13,0.0,0.0,1.0,14.0,9.0,1.0,300.0,96.0,239.0,1.0,4.0,10.0,0.0,0.0,128.0,152.0,4.0,2.0,0.0,105.0,6.0,128.0,856.0,4.0,1.0,1.0,141.0,3.0,176.0,543.0,1.0,4.0,11.0,0.0,0.0,224.0,368.0,2.0,13.0,5.0,0.0,0.0,288.0,368.0,2.0,13.0,6.0,0.0,0.0,312.0,632.0,4.0,3.0,2.0,37.0,27.0,320.0,152.0,4.0,2.0,3.0,100.0,1.0,352.0,767.0,1.0,8.0,12.0,4.0,0.0,512.0,944.0,1.0,4.0,13.0,0.0,0.0,544.0,280.0,1.0,8.0,14.0,2.0,0.0,640.0,216.0,1.0,4.0,15.0,0.0,0.0,752.0,752.0,1.0,8.0,16.0,2.0,0.0,768.0,400.0,2.0,13.0,7.0,0.0,0.0,784.0,152.0,4.0,2.0,4.0,96.0,5.0,832.0,400.0,2.0,13.0,8.0,0.0,0.0,888.0,704.0,1.0,8.0,17.0,2.0,0.0,,,,,,,,,,,,,,,,,,,,,,,,,,,,,,,,,,,,,,,,,,,,,,,,,,,,,,,,,,,,,,,,Chapel,2,4
49,08511C54,0x8512694,0x8511c14,4,43,17,8.0,160.0,2.0,0.0,0.0,0.0,0.0,64.0,160.0,2.0,14.0,1.0,0.0,0.0,160.0,160.0,2.0,14.0,2.0,0.0,0.0,256.0,160.0,2.0,14.0,3.0,0.0,0.0,352.0,160.0,2.0,14.0,4.0,0.0,0.0,512.0,128.0,1.0,14.0,9.0,3.0,60.0,640.0,160.0,2.0,14.0,5.0,0.0,0.0,736.0,160.0,2.0,14.0,6.0,0.0,0.0,832.0,160.0,2.0,14.0,7.0,0.0,0.0,928.0,160.0,2.0,14.0,8.0,0.0,0.0,,,,,,,,,,,,,,,,,,,,,,,,,,,,,,,,,,,,,,,,,,,,,,,,,,,,,,,,,,,,,,,,,,,,,,,,,,,,,,,,,,,,,,,,,,,,,,,,,,,,,,,,,,,,,,,,,,,,,,,,Chapel,2,5
50,08511D14,0x8512718,0x8511cd4,4,43,18,400.0,184.0,4.0,1.0,0.0,143.0,3.0,128.0,384.0,1.0,29.0,1.0,0.0,0.0,384.0,384.0,1.0,29.0,2.0,0.0,0.0,160.0,416.0,1.0,29.0,3.0,1.0,0.0,352.0,416.0,1.0,29.0,4.0,1.0,0.0,192.0,448.0,1.0,29.0,5.0,0.0,0.0,320.0,448.0,1.0,29.0,6.0,0.0,0.0,32.0,608.0,1.0,11.0,7.0,1.0,0.0,112.0,664.0,2.0,14.0,8.0,0.0,0.0,504.0,672.0,2.0,2.0,9.0,0.0,10.0,,,,,,,,,,,,,,,,,,,,,,,,,,,,,,,,,,,,,,,,,,,,,,,,,,,,,,,,,,,,,,,,,,,,,,,,,,,,,,,,,,,,,,,,,,,,,,,,,,,,,,,,,,,,,,,,,,,,,,,,Chapel,2,6
51,08511DCC,0x851279c,0x8511d8c,4,45,18,448.0,120.0,4.0,3.0,0.0,42.0,37.0,144.0,223.0,2.0,10.0,1.0,87.0,10.0,368.0,223.0,2.0,10.0,2.0,87.0,10.0,256.0,256.0,2.0,10.0,3.0,87.0,10.0,208.0,543.0,2.0,10.0,4.0,29.0,10.0,304.0,543.0,2.0,10.0,5.0,29.0,10.0,192.0,607.0,2.0,10.0,6.0,29.0,10.0,320.0,607.0,2.0,10.0,7.0,29.0,10.0,8.0,672.0,2.0,2.0,8.0,1.0,10.0,504.0,672.0,2.0,2.0,9.0,1.0,10.0,168.0,856.0,2.0,25.0,10.0,48.0,1.0,344.0,856.0,2.0,25.0,11.0,48.0,0.0,8.0,928.0,2.0,2.0,12.0,1.0,10.0,504.0,928.0,2.0,2.0,13.0,1.0,10.0,256.0,959.0,1.0,54.0,14.0,1.0,0.0,256.0,959.0,2.0,10.0,15.0,26.0,10.0,,,,,,,,,,,,,,,,,,,,,,,,,,,,,,,,,,,,,,,,,,,,,,,,,,,,,,,,,,,,,,,,,,,,,,,,,,,,,,Chapel,2,7
52,08511E64,0x8512868,0x8511e54,1,47,15,80.0,280.0,1.0,17.0,0.0,0.0,0.0,96.0,447.0,2.0,14.0,1.0,1.0,0.0,144.0,152.0,2.0,14.0,2.0,1.0,0.0,304.0,184.0,1.0,17.0,7.0,0.0,0.0,336.0,319.0,1.0,4.0,8.0,0.0,0.0,368.0,152.0,1.0,8.0,9.0,2.0,0.0,368.0,216.0,3.0,0.0,5.0,0.0,1.0,368.0,296.0,3.0,0.0,6.0,0.0,0.0,528.0,152.0,2.0,14.0,3.0,1.0,0.0,592.0,312.0,1.0,8.0,10.0,2.0,0.0,608.0,447.0,2.0,14.0,4.0,1.0,0.0,616.0,216.0,4.0,3.0,11.0,20.0,40.0,,,,,,,,,,,,,,,,,,,,,,,,,,,,,,,,,,,,,,,,,,,,,,,,,,,,,,,,,,,,,,,,,,,,,,,,,,,,,,,,,,,,,,,,,,,,,,,,,,,,,,,,,,Chapel,2,8
53,08511F34,0x8512904,0x8511ef4,4,47,17,112.0,112.0,3.0,0.0,7.0,4.0,0.0,112.0,304.0,3.0,0.0,8.0,4.0,1.0,160.0,224.0,1.0,19.0,2.0,0.0,0.0,208.0,112.0,3.0,0.0,9.0,4.0,0.0,208.0,664.0,4.0,1.0,1.0,140.0,5.0,224.0,496.0,1.0,13.0,3.0,0.0,0.0,288.0,288.0,1.0,16.0,4.0,0.0,0.0,304.0,112.0,3.0,0.0,10.0,4.0,0.0,304.0,304.0,3.0,0.0,11.0,4.0,0.0,400.0,304.0,3.0,0.0,12.0,4.0,0.0,400.0,432.0,3.0,0.0,13.0,4.0,0.0,400.0,432.0,1.0,16.0,5.0,0.0,0.0,416.0,592.0,1.0,13.0,6.0,0.0,0.0,496.0,304.0,3.0,0.0,14.0,4.0,0.0,496.0,432.0,3.0,0.0,15.0,4.0,0.0,592.0,152.0,3.0,0.0,16.0,4.0,0.0,672.0,152.0,4.0,1.0,0.0,142.0,3.0,,,,,,,,,,,,,,,,,,,,,,,,,,,,,,,,,,,,,,,,,,,,,,,,,,,,,,,,,,,,,,,,,,,,,,,Chapel,2,9
54,08511FE4,0x85129dc,0x8511fc4,2,47,20,56.0,120.0,3.0,0.0,3.0,3.0,0.0,112.0,56.0,2.0,8.0,0.0,3.0,33.0,159.0,159.0,1.0,13.0,2.0,0.0,0.0,200.0,120.0,4.0,4.0,1.0,58.0,17.0,,,,,,,,,,,,,,,,,,,,,,,,,,,,,,,,,,,,,,,,,,,,,,,,,,,,,,,,,,,,,,,,,,,,,,,,,,,,,,,,,,,,,,,,,,,,,,,,,,,,,,,,,,,,,,,,,,,,,,,,,,,,,,,,,,,,,,,,,,,,,,,,,,,,,,,,,,,,,,,,,,Chapel,2,10
55,085120BC,0x8512a18,0x851209c,2,47,21,8.0,160.0,2.0,2.0,0.0,0.0,10.0,80.0,175.0,1.0,61.0,2.0,0.0,0.0,192.0,159.0,1.0,2.0,3.0,0.0,0.0,256.0,128.0,3.0,0.0,7.0,3.0,0.0,304.0,175.0,1.0,61.0,4.0,0.0,0.0,352.0,159.0,1.0,18.0,5.0,0.0,0.0,400.0,175.0,1.0,61.0,6.0,0.0,0.0,,,,,,,,,,,,,,,,,,,,,,,,,,,,,,,,,,,,,,,,,,,,,,,,,,,,,,,,,,,,,,,,,,,,,,,,,,,,,,,,,,,,,,,,,,,,,,,,,,,,,,,,,,,,,,,,,,,,,,,,,,,,,,,,,,,,,,,,,,,,,Chapel,2,11
56,0851217C,0x8512a78,0x851214c,3,49,20,64.0,96.0,3.0,0.0,5.0,4.0,0.0,184.0,112.0,1.0,16.0,0.0,0.0,0.0,168.0,264.0,1.0,0.0,1.0,0.0,0.0,64.0,272.0,3.0,0.0,6.0,4.0,0.0,120.0,328.0,1.0,0.0,2.0,0.0,0.0,136.0,328.0,1.0,0.0,3.0,0.0,0.0,176.0,384.0,1.0,14.0,4.0,0.0,0.0,,,,,,,,,,,,,,,,,,,,,,,,,,,,,,,,,,,,,,,,,,,,,,,,,,,,,,,,,,,,,,,,,,,,,,,,,,,,,,,,,,,,,,,,,,,,,,,,,,,,,,,,,,,,,,,,,,,,,,,,,,,,,,,,,,,,,,,,,,,,,Chapel,2,12
57,085121FC,0x8510a44,0x85121ec,1,42,18,0.0,0.0,2.0,31.0,0.0,0.0,0.0,224.0,160.0,2.0,29.0,1.0,0.0,0.0,,,,,,,,,,,,,,,,,,,,,,,,,,,,,,,,,,,,,,,,,,,,,,,,,,,,,,,,,,,,,,,,,,,,,,,,,,,,,,,,,,,,,,,,,,,,,,,,,,,,,,,,,,,,,,,,,,,,,,,,,,,,,,,,,,,,,,,,,,,,,,,,,,,,,,,,,,,,,,,,,,,,,,,,,,,,,,,,Chapel,2,13
58,08512284,0x8512ad8,0x8512264,2,42,22,,,,,,,,,,,,,,,,,,,,,,,,,,,,,,,,,,,,,,,,,,,,,,,,,,,,,,,,,,,,,,,,,,,,,,,,,,,,,,,,,,,,,,,,,,,,,,,,,,,,,,,,,,,,,,,,,,,,,,,,,,,,,,,,,,,,,,,,,,,,,,,,,,,,,,,,,,,,,,,,,,,,,,,,,,,,,,,,,,,,,,,,,,,,,,Chapel,2,14
59,085122FC,0x8510f84,0x85122ec,1,48,20,0.0,0.0,2.0,29.0,0.0,1.0,0.0,0.0,0.0,2.0,28.0,1.0,0.0,0.0,,,,,,,,,,,,,,,,,,,,,,,,,,,,,,,,,,,,,,,,,,,,,,,,,,,,,,,,,,,,,,,,,,,,,,,,,,,,,,,,,,,,,,,,,,,,,,,,,,,,,,,,,,,,,,,,,,,,,,,,,,,,,,,,,,,,,,,,,,,,,,,,,,,,,,,,,,,,,,,,,,,,,,,,,,,,,,,,Chapel,2,15
60,085123AC,0x8512ae4,0x851238c,2,40,20,0.0,0.0,1.0,20.0,0.0,2.0,1.0,48.0,176.0,3.0,0.0,1.0,4.0,0.0,144.0,248.0,2.0,25.0,2.0,32.0,0.0,48.0,304.0,3.0,0.0,3.0,4.0,0.0,192.0,312.0,1.0,32.0,4.0,0.0,0.0,144.0,440.0,1.0,32.0,5.0,0.0,0.0,,,,,,,,,,,,,,,,,,,,,,,,,,,,,,,,,,,,,,,,,,,,,,,,,,,,,,,,,,,,,,,,,,,,,,,,,,,,,,,,,,,,,,,,,,,,,,,,,,,,,,,,,,,,,,,,,,,,,,,,,,,,,,,,,,,,,,,,,,,,,,,,,,,,Chapel,2,16
61,08512484,0x8512b38,0x8512464,2,41,20,128.0,152.0,1.0,18.0,0.0,0.0,0.0,208.0,152.0,1.0,13.0,1.0,0.0,0.0,256.0,128.0,3.0,0.0,2.0,3.0,1.0,304.0,152.0,1.0,13.0,3.0,0.0,0.0,384.0,152.0,1.0,18.0,4.0,0.0,0.0,,,,,,,,,,,,,,,,,,,,,,,,,,,,,,,,,,,,,,,,,,,,,,,,,,,,,,,,,,,,,,,,,,,,,,,,,,,,,,,,,,,,,,,,,,,,,,,,,,,,,,,,,,,,,,,,,,,,,,,,,,,,,,,,,,,,,,,,,,,,,,,,,,,,,,,,,,,Chapel,2,17
62,08512BE4,0x8513870,0x8512bd4,1,39,24,24.0,120.0,4.0,2.0,0.0,133.0,20.0,128.0,184.0,5.0,3.0,1.0,47.0,51.0,,,,,,,,,,,,,,,,,,,,,,,,,,,,,,,,,,,,,,,,,,,,,,,,,,,,,,,,,,,,,,,,,,,,,,,,,,,,,,,,,,,,,,,,,,,,,,,,,,,,,,,,,,,,,,,,,,,,,,,,,,,,,,,,,,,,,,,,,,,,,,,,,,,,,,,,,,,,,,,,,,,,,,,,,,,,,,,,Study,3,1
63,08512C8C,0x8513894,0x8512c5c,3,40,24,16.0,128.0,2.0,8.0,0.0,6.0,34.0,92.0,320.0,1.0,27.0,1.0,0.0,0.0,154.0,255.0,1.0,18.0,2.0,0.0,0.0,207.0,340.0,1.0,27.0,3.0,0.0,0.0,208.0,384.0,3.0,0.0,4.0,5.0,1.0,288.0,432.0,1.0,28.0,5.0,0.0,0.0,304.0,318.0,1.0,27.0,6.0,0.0,0.0,338.0,164.0,1.0,27.0,7.0,0.0,0.0,448.0,127.0,4.0,1.0,8.0,144.0,3.0,,,,,,,,,,,,,,,,,,,,,,,,,,,,,,,,,,,,,,,,,,,,,,,,,,,,,,,,,,,,,,,,,,,,,,,,,,,,,,,,,,,,,,,,,,,,,,,,,,,,,,,,,,,,,,,,,,,,,,,,,,,,,,,Study,3,2
64,08512D24,0x851390c,0x8512d04,2,42,24,128.0,184.0,4.0,2.0,0.0,132.0,9.0,256.0,127.0,3.0,0.0,1.0,2.0,0.0,448.0,151.0,3.0,0.0,2.0,2.0,0.0,512.0,176.0,1.0,25.0,3.0,0.0,1.0,528.0,151.0,3.0,0.0,4.0,2.0,0.0,608.0,112.0,1.0,19.0,5.0,0.0,0.0,624.0,151.0,3.0,0.0,6.0,2.0,1.0,720.0,151.0,3.0,0.0,7.0,2.0,0.0,768.0,151.0,3.0,0.0,8.0,2.0,0.0,768.0,176.0,1.0,25.0,9.0,0.0,1.0,816.0,151.0,3.0,0.0,10.0,2.0,1.0,912.0,151.0,3.0,0.0,11.0,2.0,0.0,960.0,176.0,1.0,25.0,12.0,0.0,1.0,976.0,151.0,3.0,0.0,13.0,2.0,0.0,1040.0,176.0,1.0,8.0,14.0,4.0,0.0,1104.0,151.0,3.0,0.0,15.0,2.0,0.0,1168.0,151.0,3.0,0.0,16.0,2.0,0.0,,,,,,,,,,,,,,,,,,,,,,,,,,,,,,,,,,,,,,,,,,,,,,,,,,,,,,,,,,,,,,,,,,,,,,,Study,3,3
65,08512DBC,0x85139e4,0x8512d9c,2,42,25,0.0,0.0,2.0,7.0,0.0,1.0,25.0,160.0,151.0,3.0,0.0,1.0,5.0,0.0,208.0,176.0,1.0,24.0,2.0,0.0,0.0,256.0,112.0,1.0,27.0,3.0,0.0,0.0,272.0,176.0,1.0,23.0,4.0,0.0,0.0,304.0,128.0,1.0,27.0,5.0,0.0,0.0,352.0,151.0,3.0,0.0,6.0,5.0,0.0,496.0,144.0,1.0,24.0,7.0,0.0,0.0,640.0,151.0,3.0,0.0,8.0,5.0,1.0,648.0,128.0,1.0,27.0,9.0,0.0,0.0,768.0,112.0,1.0,27.0,10.0,0.0,0.0,800.0,144.0,1.0,23.0,11.0,0.0,0.0,832.0,151.0,3.0,0.0,12.0,5.0,0.0,1008.0,127.0,3.0,0.0,13.0,5.0,0.0,1136.0,144.0,1.0,24.0,14.0,0.0,0.0,,,,,,,,,,,,,,,,,,,,,,,,,,,,,,,,,,,,,,,,,,,,,,,,,,,,,,,,,,,,,,,,,,,,,,,,,,,,,,,,,,,,,Study,3,4
66,08512E54,0x8513aa4,0x8512e34,2,42,26,0.0,0.0,2.0,32.0,0.0,5.0,0.0,24.0,135.0,3.0,0.0,1.0,5.0,0.0,216.0,135.0,3.0,0.0,2.0,5.0,0.0,80.0,159.0,2.0,11.0,3.0,10.0,34.0,,,,,,,,,,,,,,,,,,,,,,,,,,,,,,,,,,,,,,,,,,,,,,,,,,,,,,,,,,,,,,,,,,,,,,,,,,,,,,,,,,,,,,,,,,,,,,,,,,,,,,,,,,,,,,,,,,,,,,,,,,,,,,,,,,,,,,,,,,,,,,,,,,,,,,,,,,,,,,,,,,Study,3,5
67,08512EDC,0x8513ae0,0x8512ecc,1,42,27,0.0,0.0,2.0,32.0,0.0,25.0,0.0,24.0,112.0,4.0,8.0,1.0,3.0,3.0,,,,,,,,,,,,,,,,,,,,,,,,,,,,,,,,,,,,,,,,,,,,,,,,,,,,,,,,,,,,,,,,,,,,,,,,,,,,,,,,,,,,,,,,,,,,,,,,,,,,,,,,,,,,,,,,,,,,,,,,,,,,,,,,,,,,,,,,,,,,,,,,,,,,,,,,,,,,,,,,,,,,,,,,,,,,,,,,Study,3,6
68,08512F84,0x8513b04,0x8512f54,3,43,22,8.0,160.0,2.0,0.0,0.0,0.0,0.0,56.0,119.0,3.0,0.0,1.0,5.0,0.0,168.0,119.0,3.0,0.0,2.0,5.0,1.0,112.0,176.0,2.0,25.0,3.0,32.0,0.0,48.0,336.0,2.0,25.0,4.0,32.0,1.0,176.0,336.0,2.0,25.0,5.0,32.0,0.0,0.0,343.0,1.0,20.0,6.0,1.0,1.0,,,,,,,,,,,,,,,,,,,,,,,,,,,,,,,,,,,,,,,,,,,,,,,,,,,,,,,,,,,,,,,,,,,,,,,,,,,,,,,,,,,,,,,,,,,,,,,,,,,,,,,,,,,,,,,,,,,,,,,,,,,,,,,,,,,,,,,,,,,,,Study,3,7
69,0851301C,0x8513b64,0x8512ffc,2,43,26,112.0,151.0,3.0,0.0,0.0,10.0,0.0,176.0,151.0,3.0,0.0,1.0,10.0,0.0,248.0,151.0,3.0,0.0,2.0,10.0,0.0,144.0,191.0,1.0,28.0,3.0,0.0,0.0,256.0,159.0,1.0,27.0,4.0,0.0,0.0,264.0,151.0,3.0,0.0,5.0,10.0,0.0,304.0,191.0,1.0,21.0,6.0,0.0,0.0,336.0,151.0,3.0,0.0,7.0,10.0,0.0,400.0,151.0,3.0,0.0,8.0,10.0,0.0,,,,,,,,,,,,,,,,,,,,,,,,,,,,,,,,,,,,,,,,,,,,,,,,,,,,,,,,,,,,,,,,,,,,,,,,,,,,,,,,,,,,,,,,,,,,,,,,,,,,,,,,,,,,,,,,,,,,,,,,,,,,,,,Study,3,8
70,085130A4,0x8513bdc,0x8513094,1,47,22,120.0,184.0,4.0,3.0,0.0,41.0,34.0,,,,,,,,,,,,,,,,,,,,,,,,,,,,,,,,,,,,,,,,,,,,,,,,,,,,,,,,,,,,,,,,,,,,,,,,,,,,,,,,,,,,,,,,,,,,,,,,,,,,,,,,,,,,,,,,,,,,,,,,,,,,,,,,,,,,,,,,,,,,,,,,,,,,,,,,,,,,,,,,,,,,,,,,,,,,,,,,,,,,,,,Study,3,9
71,0851312C,0x8513bf4,0x851311c,1,47,23,48.0,127.0,4.0,4.0,0.0,67.0,29.0,160.0,127.0,3.0,0.0,1.0,1.0,0.0,208.0,127.0,3.0,0.0,2.0,1.0,0.0,256.0,127.0,3.0,0.0,3.0,1.0,0.0,,,,,,,,,,,,,,,,,,,,,,,,,,,,,,,,,,,,,,,,,,,,,,,,,,,,,,,,,,,,,,,,,,,,,,,,,,,,,,,,,,,,,,,,,,,,,,,,,,,,,,,,,,,,,,,,,,,,,,,,,,,,,,,,,,,,,,,,,,,,,,,,,,,,,,,,,,,,,,,,,,Study,3,10
72,085131D4,0x8513c30,0x85131a4,3,47,24,0.0,0.0,2.0,1.0,0.0,0.0,0.0,400.0,191.0,2.0,14.0,1.0,0.0,0.0,400.0,447.0,2.0,14.0,2.0,0.0,0.0,416.0,280.0,4.0,3.0,3.0,19.0,18.0,,,,,,,,,,,,,,,,,,,,,,,,,,,,,,,,,,,,,,,,,,,,,,,,,,,,,,,,,,,,,,,,,,,,,,,,,,,,,,,,,,,,,,,,,,,,,,,,,,,,,,,,,,,,,,,,,,,,,,,,,,,,,,,,,,,,,,,,,,,,,,,,,,,,,,,,,,,,,,,,,,Study,3,11
73,0851325C,0x8513c6c,0x851324c,1,47,26,48.0,232.0,4.0,3.0,0.0,22.0,5.0,80.0,375.0,3.0,0.0,1.0,5.0,0.0,112.0,198.0,3.0,0.0,2.0,5.0,0.0,175.0,415.0,1.0,28.0,3.0,0.0,0.0,176.0,134.0,3.0,0.0,4.0,5.0,1.0,176.0,375.0,3.0,0.0,5.0,5.0,0.0,292.0,96.0,1.0,22.0,6.0,0.0,0.0,392.0,234.0,3.0,0.0,7.0,5.0,0.0,392.0,298.0,3.0,0.0,8.0,5.0,0.0,,,,,,,,,,,,,,,,,,,,,,,,,,,,,,,,,,,,,,,,,,,,,,,,,,,,,,,,,,,,,,,,,,,,,,,,,,,,,,,,,,,,,,,,,,,,,,,,,,,,,,,,,,,,,,,,,,,,,,,,,,,,,,,Study,3,12
74,085132D4,0x8510f84,0x85132c4,1,39,26,0.0,0.0,2.0,29.0,0.0,1.0,0.0,0.0,0.0,2.0,28.0,1.0,0.0,0.0,,,,,,,,,,,,,,,,,,,,,,,,,,,,,,,,,,,,,,,,,,,,,,,,,,,,,,,,,,,,,,,,,,,,,,,,,,,,,,,,,,,,,,,,,,,,,,,,,,,,,,,,,,,,,,,,,,,,,,,,,,,,,,,,,,,,,,,,,,,,,,,,,,,,,,,,,,,,,,,,,,,,,,,,,,,,,,,,Study,3,13
75,0851335C,0x8513ce4,0x851333c,2,39,27,,,,,,,,,,,,,,,,,,,,,,,,,,,,,,,,,,,,,,,,,,,,,,,,,,,,,,,,,,,,,,,,,,,,,,,,,,,,,,,,,,,,,,,,,,,,,,,,,,,,,,,,,,,,,,,,,,,,,,,,,,,,,,,,,,,,,,,,,,,,,,,,,,,,,,,,,,,,,,,,,,,,,,,,,,,,,,,,,,,,,,,,,,,,,,Study,3,14
76,08513414,0x8513cf0,0x85133d4,4,40,26,112.0,415.0,1.0,8.0,0.0,3.0,0.0,144.0,375.0,3.0,0.0,1.0,5.0,0.0,184.0,440.0,4.0,2.0,2.0,78.0,26.0,232.0,119.0,3.0,0.0,3.0,5.0,0.0,312.0,119.0,3.0,0.0,4.0,5.0,0.0,328.0,231.0,3.0,0.0,5.0,5.0,0.0,288.0,159.0,1.0,5.0,6.0,0.0,0.0,388.0,159.0,1.0,22.0,7.0,0.0,0.0,393.0,447.0,1.0,22.0,8.0,0.0,0.0,424.0,119.0,3.0,0.0,9.0,5.0,0.0,456.0,407.0,3.0,0.0,10.0,5.0,0.0,,,,,,,,,,,,,,,,,,,,,,,,,,,,,,,,,,,,,,,,,,,,,,,,,,,,,,,,,,,,,,,,,,,,,,,,,,,,,,,,,,,,,,,,,,,,,,,,,,,,,,,,,,,,,,,,,Study,3,15
77,085134AC,0x8513d80,0x851348c,2,43,27,0.0,0.0,2.0,7.0,0.0,1.0,25.0,8.0,160.0,2.0,2.0,1.0,1.0,15.0,144.0,144.0,1.0,60.0,2.0,15.0,0.0,504.0,160.0,2.0,2.0,3.0,1.0,15.0,,,,,,,,,,,,,,,,,,,,,,,,,,,,,,,,,,,,,,,,,,,,,,,,,,,,,,,,,,,,,,,,,,,,,,,,,,,,,,,,,,,,,,,,,,,,,,,,,,,,,,,,,,,,,,,,,,,,,,,,,,,,,,,,,,,,,,,,,,,,,,,,,,,,,,,,,,,,,,,,,,Study,3,16
78,08513564,0x8513dbc,0x8513524,4,45,26,88.0,119.0,3.0,0.0,0.0,5.0,1.0,168.0,119.0,3.0,0.0,1.0,5.0,1.0,128.0,208.0,2.0,25.0,2.0,32.0,0.0,8.0,416.0,2.0,2.0,3.0,0.0,15.0,,,,,,,,,,,,,,,,,,,,,,,,,,,,,,,,,,,,,,,,,,,,,,,,,,,,,,,,,,,,,,,,,,,,,,,,,,,,,,,,,,,,,,,,,,,,,,,,,,,,,,,,,,,,,,,,,,,,,,,,,,,,,,,,,,,,,,,,,,,,,,,,,,,,,,,,,,,,,,,,,,Study,3,17
79,085135EC,0x8513df8,0x85135dc,1,46,26,128.0,191.0,4.0,1.0,0.0,145.0,3.0,,,,,,,,,,,,,,,,,,,,,,,,,,,,,,,,,,,,,,,,,,,,,,,,,,,,,,,,,,,,,,,,,,,,,,,,,,,,,,,,,,,,,,,,,,,,,,,,,,,,,,,,,,,,,,,,,,,,,,,,,,,,,,,,,,,,,,,,,,,,,,,,,,,,,,,,,,,,,,,,,,,,,,,,,,,,,,,,,,,,,,,Study,3,18
80,08513684,0x8513e10,0x8513664,2,46,27,40.0,135.0,3.0,0.0,0.0,1.0,0.0,80.0,135.0,3.0,0.0,1.0,1.0,0.0,120.0,135.0,3.0,0.0,2.0,1.0,0.0,160.0,135.0,3.0,0.0,3.0,1.0,0.0,232.0,144.0,2.0,55.0,4.0,0.0,0.0,,,,,,,,,,,,,,,,,,,,,,,,,,,,,,,,,,,,,,,,,,,,,,,,,,,,,,,,,,,,,,,,,,,,,,,,,,,,,,,,,,,,,,,,,,,,,,,,,,,,,,,,,,,,,,,,,,,,,,,,,,,,,,,,,,,,,,,,,,,,,,,,,,,,,,,,,,,Study,3,19
81,0851371C,0x8513e58,0x85136fc,2,44,22,144.0,152.0,3.0,0.0,0.0,2.0,0.0,176.0,184.0,1.0,17.0,1.0,0.0,0.0,256.0,128.0,1.0,16.0,2.0,0.0,0.0,336.0,184.0,1.0,17.0,3.0,0.0,0.0,368.0,152.0,3.0,0.0,4.0,2.0,0.0,,,,,,,,,,,,,,,,,,,,,,,,,,,,,,,,,,,,,,,,,,,,,,,,,,,,,,,,,,,,,,,,,,,,,,,,,,,,,,,,,,,,,,,,,,,,,,,,,,,,,,,,,,,,,,,,,,,,,,,,,,,,,,,,,,,,,,,,,,,,,,,,,,,,,,,,,,,Study,3,20
82,085137C4,0x8513ea0,0x8513794,3,46,22,128.0,408.0,3.0,0.0,0.0,5.0,0.0,,,,,,,,,,,,,,,,,,,,,,,,,,,,,,,,,,,,,,,,,,,,,,,,,,,,,,,,,,,,,,,,,,,,,,,,,,,,,,,,,,,,,,,,,,,,,,,,,,,,,,,,,,,,,,,,,,,,,,,,,,,,,,,,,,,,,,,,,,,,,,,,,,,,,,,,,,,,,,,,,,,,,,,,,,,,,,,,,,,,,,,Study,3,21
83,0851384C,0x8513eb8,0x851383c,1,44,23,48.0,152.0,4.0,3.0,0.0,23.0,4.0,144.0,184.0,1.0,22.0,1.0,0.0,0.0,144.0,152.0,3.0,0.0,2.0,2.0,0.0,256.0,144.0,1.0,19.0,3.0,0.0,0.0,368.0,184.0,1.0,22.0,4.0,0.0,0.0,368.0,152.0,3.0,0.0,5.0,2.0,0.0,,,,,,,,,,,,,,,,,,,,,,,,,,,,,,,,,,,,,,,,,,,,,,,,,,,,,,,,,,,,,,,,,,,,,,,,,,,,,,,,,,,,,,,,,,,,,,,,,,,,,,,,,,,,,,,,,,,,,,,,,,,,,,,,,,,,,,,,,,,,,,,,,,,,Study,3,22
84,08513F98,0x85150ec,0x8513f78,2,3,14,176.0,96.0,2.0,15.0,0.0,0.0,0.0,80.0,111.0,1.0,31.0,3.0,0.0,0.0,176.0,136.0,2.0,15.0,1.0,0.0,0.0,72.0,168.0,3.0,0.0,7.0,14.0,0.0,40.0,231.0,1.0,13.0,4.0,0.0,0.0,200.0,335.0,1.0,38.0,5.0,0.0,0.0,176.0,392.0,2.0,15.0,2.0,0.0,0.0,120.0,447.0,1.0,13.0,6.0,0.0,0.0,,,,,,,,,,,,,,,,,,,,,,,,,,,,,,,,,,,,,,,,,,,,,,,,,,,,,,,,,,,,,,,,,,,,,,,,,,,,,,,,,,,,,,,,,,,,,,,,,,,,,,,,,,,,,,,,,,,,,,,,,,,,,,,,,,,,,,Study,3,1
85,08514020,0x8515158,0x8514010,1,4,13,120.0,184.0,4.0,4.0,0.0,57.0,16.0,,,,,,,,,,,,,,,,,,,,,,,,,,,,,,,,,,,,,,,,,,,,,,,,,,,,,,,,,,,,,,,,,,,,,,,,,,,,,,,,,,,,,,,,,,,,,,,,,,,,,,,,,,,,,,,,,,,,,,,,,,,,,,,,,,,,,,,,,,,,,,,,,,,,,,,,,,,,,,,,,,,,,,,,,,,,,,,,,,,,,,,Study,3,2
86,085140C0,0x8515170,0x85140a0,2,4,14,48.0,159.0,1.0,26.0,0.0,10.0,0.0,120.0,111.0,2.0,14.0,1.0,7.0,0.0,192.0,159.0,1.0,26.0,2.0,10.0,0.0,,,,,,,,,,,,,,,,,,,,,,,,,,,,,,,,,,,,,,,,,,,,,,,,,,,,,,,,,,,,,,,,,,,,,,,,,,,,,,,,,,,,,,,,,,,,,,,,,,,,,,,,,,,,,,,,,,,,,,,,,,,,,,,,,,,,,,,,,,,,,,,,,,,,,,,,,,,,,,,,,,,,,,,,,Study,3,3
87,08514160,0x85151a0,0x8514150,1,5,11,48.0,184.0,4.0,1.0,5.0,146.0,3.0,88.0,191.0,1.0,24.0,0.0,0.0,0.0,92.0,191.0,1.0,24.0,1.0,0.0,0.0,96.0,191.0,1.0,28.0,2.0,0.0,0.0,100.0,191.0,1.0,24.0,3.0,0.0,0.0,104.0,191.0,1.0,24.0,4.0,0.0,0.0,120.0,144.0,3.0,0.0,6.0,14.0,0.0,,,,,,,,,,,,,,,,,,,,,,,,,,,,,,,,,,,,,,,,,,,,,,,,,,,,,,,,,,,,,,,,,,,,,,,,,,,,,,,,,,,,,,,,,,,,,,,,,,,,,,,,,,,,,,,,,,,,,,,,,,,,,,,,,,,,,,,,,,,,,Study,3,4
88,08514200,0x8515200,0x85141e0,2,5,12,56.0,111.0,2.0,14.0,4.0,7.0,0.0,272.0,111.0,2.0,14.0,5.0,7.0,0.0,360.0,191.0,1.0,30.0,0.0,0.0,0.0,464.0,191.0,1.0,32.0,1.0,0.0,0.0,536.0,111.0,2.0,14.0,6.0,7.0,0.0,744.0,111.0,2.0,14.0,7.0,7.0,0.0,816.0,191.0,1.0,32.0,2.0,0.0,0.0,944.0,111.0,2.0,14.0,8.0,7.0,1.0,968.0,191.0,1.0,26.0,3.0,0.0,0.0,,,,,,,,,,,,,,,,,,,,,,,,,,,,,,,,,,,,,,,,,,,,,,,,,,,,,,,,,,,,,,,,,,,,,,,,,,,,,,,,,,,,,,,,,,,,,,,,,,,,,,,,,,,,,,,,,,,,,,,,,,,,,,,Study,3,5
89,085142A8,0x8515278,0x8514278,3,5,13,16.0,136.0,2.0,8.0,0.0,9.0,35.0,96.0,191.0,1.0,21.0,1.0,0.0,0.0,152.0,191.0,2.0,14.0,2.0,0.0,1.0,,,,,,,,,,,,,,,,,,,,,,,,,,,,,,,,,,,,,,,,,,,,,,,,,,,,,,,,,,,,,,,,,,,,,,,,,,,,,,,,,,,,,,,,,,,,,,,,,,,,,,,,,,,,,,,,,,,,,,,,,,,,,,,,,,,,,,,,,,,,,,,,,,,,,,,,,,,,,,,,,,,,,,,,,Study,3,6
90,08514370,0x85152a8,0x8514320,5,6,14,40.0,344.0,4.0,3.0,0.0,21.0,42.0,56.0,447.0,2.0,14.0,1.0,0.0,0.0,144.0,295.0,2.0,14.0,2.0,0.0,1.0,160.0,175.0,2.0,14.0,3.0,0.0,0.0,176.0,288.0,1.0,29.0,4.0,0.0,0.0,208.0,232.0,1.0,29.0,5.0,1.0,0.0,208.0,344.0,1.0,29.0,6.0,1.0,0.0,240.0,176.0,1.0,29.0,7.0,2.0,0.0,240.0,400.0,1.0,29.0,8.0,2.0,0.0,256.0,239.0,2.0,14.0,9.0,0.0,0.0,272.0,176.0,1.0,29.0,10.0,2.0,0.0,272.0,400.0,1.0,29.0,11.0,2.0,0.0,304.0,111.0,2.0,14.0,12.0,0.0,0.0,304.0,232.0,1.0,29.0,13.0,1.0,0.0,304.0,344.0,1.0,29.0,14.0,1.0,0.0,336.0,288.0,1.0,29.0,15.0,0.0,0.0,384.0,295.0,2.0,14.0,16.0,0.0,1.0,400.0,175.0,2.0,14.0,17.0,0.0,0.0,416.0,447.0,2.0,14.0,18.0,0.0,0.0,,,,,,,,,,,,,,,,,,,,,,,,,,,,,,,,,,,,,,,,,,,,,,,,,,,,,,,,,Study,3,7
91,08514438,0x8515398,0x8514408,3,6,10,64.0,287.0,1.0,30.0,0.0,0.0,0.0,112.0,392.0,2.0,15.0,1.0,0.0,0.0,120.0,207.0,1.0,31.0,2.0,0.0,0.0,160.0,447.0,1.0,28.0,3.0,0.0,0.0,208.0,168.0,2.0,15.0,4.0,0.0,0.0,208.0,264.0,2.0,15.0,5.0,0.0,0.0,208.0,360.0,2.0,15.0,6.0,0.0,0.0,224.0,104.0,4.0,2.0,7.0,115.0,7.0,272.0,111.0,1.0,8.0,8.0,5.0,0.0,303.0,111.0,1.0,31.0,9.0,0.0,0.0,304.0,168.0,2.0,15.0,10.0,0.0,0.0,304.0,264.0,2.0,15.0,11.0,0.0,0.0,304.0,360.0,2.0,15.0,12.0,0.0,0.0,392.0,207.0,1.0,31.0,13.0,0.0,0.0,400.0,392.0,2.0,15.0,14.0,0.0,0.0,,,,,,,,,,,,,,,,,,,,,,,,,,,,,,,,,,,,,,,,,,,,,,,,,,,,,,,,,,,,,,,,,,,,,,,,,,,,,,,,,,,,,Study,3,8
92,085144D0,0x8515458,0x85144a0,3,6,16,56.0,111.0,2.0,14.0,3.0,0.0,0.0,48.0,191.0,1.0,31.0,0.0,0.0,0.0,112.0,191.0,2.0,14.0,4.0,0.0,0.0,136.0,279.0,2.0,14.0,5.0,0.0,0.0,136.0,351.0,1.0,25.0,1.0,0.0,1.0,192.0,415.0,1.0,31.0,2.0,0.0,0.0,199.0,447.0,4.0,2.0,6.0,101.0,1.0,,,,,,,,,,,,,,,,,,,,,,,,,,,,,,,,,,,,,,,,,,,,,,,,,,,,,,,,,,,,,,,,,,,,,,,,,,,,,,,,,,,,,,,,,,,,,,,,,,,,,,,,,,,,,,,,,,,,,,,,,,,,,,,,,,,,,,,,,,,,,Study,3,9
93,08514568,0x85154b8,0x8514548,2,6,18,88.0,191.0,2.0,14.0,5.0,1.0,0.0,208.0,191.0,2.0,14.0,6.0,1.0,0.0,288.0,191.0,1.0,25.0,0.0,0.0,0.0,304.0,191.0,1.0,24.0,1.0,0.0,0.0,324.0,191.0,2.0,14.0,7.0,1.0,0.0,432.0,191.0,1.0,34.0,2.0,0.0,0.0,464.0,191.0,2.0,14.0,8.0,1.0,0.0,480.0,191.0,1.0,24.0,3.0,0.0,0.0,528.0,191.0,1.0,25.0,4.0,0.0,0.0,608.0,191.0,2.0,14.0,9.0,1.0,0.0,,,,,,,,,,,,,,,,,,,,,,,,,,,,,,,,,,,,,,,,,,,,,,,,,,,,,,,,,,,,,,,,,,,,,,,,,,,,,,,,,,,,,,,,,,,,,,,,,,,,,,,,,,,,,,,,,,,,,,,,Study,3,10
94,085145F0,0x851553c,0x85145e0,1,6,19,64.0,191.0,1.0,35.0,0.0,0.0,0.0,120.0,176.0,4.0,8.0,1.0,4.0,2.0,,,,,,,,,,,,,,,,,,,,,,,,,,,,,,,,,,,,,,,,,,,,,,,,,,,,,,,,,,,,,,,,,,,,,,,,,,,,,,,,,,,,,,,,,,,,,,,,,,,,,,,,,,,,,,,,,,,,,,,,,,,,,,,,,,,,,,,,,,,,,,,,,,,,,,,,,,,,,,,,,,,,,,,,,,,,,,,,Study,3,11
95,08514680,0x8515560,0x8514660,2,7,16,200.0,191.0,1.0,32.0,0.0,0.0,0.0,224.0,191.0,2.0,14.0,3.0,1.0,1.0,256.0,191.0,1.0,32.0,1.0,0.0,0.0,320.0,191.0,1.0,33.0,2.0,0.0,0.0,,,,,,,,,,,,,,,,,,,,,,,,,,,,,,,,,,,,,,,,,,,,,,,,,,,,,,,,,,,,,,,,,,,,,,,,,,,,,,,,,,,,,,,,,,,,,,,,,,,,,,,,,,,,,,,,,,,,,,,,,,,,,,,,,,,,,,,,,,,,,,,,,,,,,,,,,,,,,,,,,,Study,3,12
96,08514720,0x851559c,0x8514710,1,8,11,120.0,144.0,3.0,0.0,0.0,14.0,0.0,128.0,191.0,1.0,32.0,1.0,0.0,0.0,144.0,191.0,1.0,30.0,2.0,0.0,0.0,191.0,191.0,1.0,31.0,3.0,0.0,0.0,192.0,184.0,4.0,1.0,4.0,147.0,3.0,,,,,,,,,,,,,,,,,,,,,,,,,,,,,,,,,,,,,,,,,,,,,,,,,,,,,,,,,,,,,,,,,,,,,,,,,,,,,,,,,,,,,,,,,,,,,,,,,,,,,,,,,,,,,,,,,,,,,,,,,,,,,,,,,,,,,,,,,,,,,,,,,,,,,,,,,,,Study,3,13
97,085147D0,0x85155e4,0x85147a0,3,9,14,240.0,191.0,1.0,21.0,0.0,0.0,0.0,256.0,111.0,2.0,14.0,5.0,7.0,0.0,400.0,111.0,2.0,14.0,6.0,7.0,0.0,624.0,111.0,2.0,14.0,7.0,7.0,1.0,784.0,191.0,1.0,21.0,3.0,0.0,0.0,872.0,111.0,2.0,14.0,8.0,7.0,0.0,944.0,191.0,1.0,21.0,4.0,0.0,0.0,1112.0,111.0,2.0,14.0,9.0,7.0,0.0,1152.0,64.0,2.0,8.0,12.0,10.0,36.0,1152.0,144.0,3.0,0.0,13.0,14.0,0.0,1272.0,160.0,2.0,0.0,11.0,0.0,0.0,,,,,,,,,,,,,,,,,,,,,,,,,,,,,,,,,,,,,,,,,,,,,,,,,,,,,,,,,,,,,,,,,,,,,,,,,,,,,,,,,,,,,,,,,,,,,,,,,,,,,,,,,,,,,,,,,Study,3,14
98,08514860,0x8515674,0x8514840,2,9,15,0.0,0.0,2.0,7.0,0.0,1.0,24.0,144.0,0.0,2.0,32.0,1.0,6.0,0.0,248.0,111.0,2.0,14.0,12.0,7.0,0.0,248.0,159.0,2.0,11.0,2.0,23.0,35.0,352.0,159.0,2.0,11.0,3.0,30.0,35.0,456.0,111.0,2.0,14.0,13.0,7.0,0.0,456.0,159.0,2.0,11.0,4.0,23.0,35.0,760.0,160.0,2.0,0.0,11.0,0.0,0.0,,,,,,,,,,,,,,,,,,,,,,,,,,,,,,,,,,,,,,,,,,,,,,,,,,,,,,,,,,,,,,,,,,,,,,,,,,,,,,,,,,,,,,,,,,,,,,,,,,,,,,,,,,,,,,,,,,,,,,,,,,,,,,,,,,,,,,Study,3,15
99,085148F8,0x85156e0,0x85148c8,3,9,18,112.0,111.0,1.0,24.0,0.0,0.0,0.0,120.0,111.0,2.0,14.0,1.0,1.0,0.0,128.0,111.0,1.0,24.0,2.0,0.0,0.0,120.0,191.0,2.0,14.0,3.0,1.0,0.0,48.0,255.0,1.0,25.0,4.0,0.0,1.0,120.0,255.0,2.0,14.0,5.0,1.0,0.0,104.0,351.0,1.0,31.0,6.0,0.0,0.0,120.0,351.0,2.0,14.0,7.0,1.0,0.0,208.0,415.0,2.0,14.0,8.0,1.0,0.0,8.0,416.0,2.0,2.0,9.0,0.0,12.0,136.0,447.0,1.0,25.0,10.0,0.0,1.0,,,,,,,,,,,,,,,,,,,,,,,,,,,,,,,,,,,,,,,,,,,,,,,,,,,,,,,,,,,,,,,,,,,,,,,,,,,,,,,,,,,,,,,,,,,,,,,,,,,,,,,,,,,,,,,,,Study,3,16
100,08514988,0x8515770,0x8514978,1,12,13,32.0,128.0,1.0,11.0,1.0,1.0,0.0,48.0,184.0,4.0,4.0,0.0,74.0,42.0,80.0,191.0,1.0,96.0,2.0,1.0,0.0,208.0,191.0,1.0,28.0,3.0,0.0,0.0,288.0,191.0,2.0,14.0,4.0,0.0,0.0,448.0,191.0,2.0,14.0,5.0,0.0,0.0,,,,,,,,,,,,,,,,,,,,,,,,,,,,,,,,,,,,,,,,,,,,,,,,,,,,,,,,,,,,,,,,,,,,,,,,,,,,,,,,,,,,,,,,,,,,,,,,,,,,,,,,,,,,,,,,,,,,,,,,,,,,,,,,,,,,,,,,,,,,,,,,,,,,Study,3,17
101,08514A08,0x8510a44,0x85149f8,1,4,15,0.0,0.0,2.0,31.0,0.0,0.0,0.0,224.0,160.0,2.0,29.0,1.0,0.0,0.0,,,,,,,,,,,,,,,,,,,,,,,,,,,,,,,,,,,,,,,,,,,,,,,,,,,,,,,,,,,,,,,,,,,,,,,,,,,,,,,,,,,,,,,,,,,,,,,,,,,,,,,,,,,,,,,,,,,,,,,,,,,,,,,,,,,,,,,,,,,,,,,,,,,,,,,,,,,,,,,,,,,,,,,,,,,,,,,,Study,3,18
102,08514AB0,0x85157c4,0x8514a90,2,6,13,80.0,144.0,3.0,0.0,5.0,6.0,0.0,176.0,191.0,1.0,26.0,0.0,0.0,0.0,224.0,191.0,1.0,32.0,1.0,0.0,0.0,256.0,111.0,2.0,14.0,4.0,7.0,1.0,336.0,191.0,1.0,21.0,3.0,0.0,0.0,432.0,144.0,3.0,0.0,6.0,6.0,0.0,,,,,,,,,,,,,,,,,,,,,,,,,,,,,,,,,,,,,,,,,,,,,,,,,,,,,,,,,,,,,,,,,,,,,,,,,,,,,,,,,,,,,,,,,,,,,,,,,,,,,,,,,,,,,,,,,,,,,,,,,,,,,,,,,,,,,,,,,,,,,,,,,,,,Study,3,19
103,08514B48,0x8515818,0x8514b28,2,7,19,8.0,160.0,2.0,2.0,0.0,1.0,12.0,128.0,184.0,1.0,69.0,1.0,1.0,0.0,488.0,160.0,2.0,2.0,2.0,1.0,12.0,,,,,,,,,,,,,,,,,,,,,,,,,,,,,,,,,,,,,,,,,,,,,,,,,,,,,,,,,,,,,,,,,,,,,,,,,,,,,,,,,,,,,,,,,,,,,,,,,,,,,,,,,,,,,,,,,,,,,,,,,,,,,,,,,,,,,,,,,,,,,,,,,,,,,,,,,,,,,,,,,,,,,,,,,Study,3,20
104,08514BF8,0x8515848,0x8514bc8,3,8,13,48.0,128.0,3.0,0.0,1.0,6.0,0.0,184.0,128.0,3.0,0.0,2.0,6.0,0.0,216.0,159.0,2.0,14.0,0.0,4.0,0.0,,,,,,,,,,,,,,,,,,,,,,,,,,,,,,,,,,,,,,,,,,,,,,,,,,,,,,,,,,,,,,,,,,,,,,,,,,,,,,,,,,,,,,,,,,,,,,,,,,,,,,,,,,,,,,,,,,,,,,,,,,,,,,,,,,,,,,,,,,,,,,,,,,,,,,,,,,,,,,,,,,,,,,,,,Study,3,21
105,08514C70,0x8510f84,0x8514c60,1,9,13,0.0,0.0,2.0,29.0,0.0,1.0,0.0,0.0,0.0,2.0,28.0,1.0,0.0,0.0,,,,,,,,,,,,,,,,,,,,,,,,,,,,,,,,,,,,,,,,,,,,,,,,,,,,,,,,,,,,,,,,,,,,,,,,,,,,,,,,,,,,,,,,,,,,,,,,,,,,,,,,,,,,,,,,,,,,,,,,,,,,,,,,,,,,,,,,,,,,,,,,,,,,,,,,,,,,,,,,,,,,,,,,,,,,,,,,Study,3,22
106,08514CE8,0x8510f84,0x8514cd8,1,10,19,0.0,0.0,2.0,29.0,0.0,1.0,0.0,0.0,0.0,2.0,28.0,1.0,0.0,0.0,,,,,,,,,,,,,,,,,,,,,,,,,,,,,,,,,,,,,,,,,,,,,,,,,,,,,,,,,,,,,,,,,,,,,,,,,,,,,,,,,,,,,,,,,,,,,,,,,,,,,,,,,,,,,,,,,,,,,,,,,,,,,,,,,,,,,,,,,,,,,,,,,,,,,,,,,,,,,,,,,,,,,,,,,,,,,,,,Study,3,23
107,08514D70,0x8515878,0x8514d50,2,14,14,,,,,,,,,,,,,,,,,,,,,,,,,,,,,,,,,,,,,,,,,,,,,,,,,,,,,,,,,,,,,,,,,,,,,,,,,,,,,,,,,,,,,,,,,,,,,,,,,,,,,,,,,,,,,,,,,,,,,,,,,,,,,,,,,,,,,,,,,,,,,,,,,,,,,,,,,,,,,,,,,,,,,,,,,,,,,,,,,,,,,,,,,,,,,,Study,3,24
108,08514E28,0x8515884,0x8514df8,3,5,14,80.0,96.0,2.0,15.0,0.0,0.0,0.0,80.0,128.0,2.0,15.0,1.0,0.0,0.0,80.0,168.0,2.0,15.0,2.0,0.0,0.0,120.0,191.0,1.0,17.0,8.0,0.0,0.0,80.0,200.0,2.0,15.0,3.0,0.0,0.0,112.0,271.0,1.0,17.0,9.0,0.0,0.0,96.0,367.0,1.0,17.0,10.0,0.0,0.0,48.0,328.0,2.0,15.0,4.0,0.0,0.0,48.0,360.0,2.0,15.0,5.0,0.0,0.0,48.0,392.0,2.0,15.0,6.0,0.0,0.0,176.0,392.0,2.0,15.0,7.0,0.0,0.0,128.0,447.0,1.0,32.0,11.0,0.0,0.0,,,,,,,,,,,,,,,,,,,,,,,,,,,,,,,,,,,,,,,,,,,,,,,,,,,,,,,,,,,,,,,,,,,,,,,,,,,,,,,,,,,,,,,,,,,,,,,,,,,,,,,,,,Study,3,25
109,08514EF8,0x8515920,0x8514ea8,5,8,14,168.0,128.0,3.0,0.0,6.0,6.0,0.0,64.0,159.0,2.0,14.0,0.0,3.0,0.0,88.0,255.0,1.0,17.0,3.0,0.0,0.0,56.0,288.0,3.0,0.0,7.0,6.0,0.0,176.0,328.0,2.0,15.0,1.0,0.0,0.0,136.0,335.0,1.0,17.0,4.0,0.0,0.0,176.0,392.0,2.0,15.0,2.0,0.0,0.0,128.0,447.0,1.0,32.0,5.0,0.0,0.0,,,,,,,,,,,,,,,,,,,,,,,,,,,,,,,,,,,,,,,,,,,,,,,,,,,,,,,,,,,,,,,,,,,,,,,,,,,,,,,,,,,,,,,,,,,,,,,,,,,,,,,,,,,,,,,,,,,,,,,,,,,,,,,,,,,,,,Study,3,26
110,08514F98,0x851598c,0x8514f78,2,9,16,128.0,184.0,1.0,32.0,0.0,0.0,0.0,208.0,184.0,1.0,34.0,1.0,0.0,0.0,416.0,152.0,2.0,14.0,2.0,1.0,0.0,,,,,,,,,,,,,,,,,,,,,,,,,,,,,,,,,,,,,,,,,,,,,,,,,,,,,,,,,,,,,,,,,,,,,,,,,,,,,,,,,,,,,,,,,,,,,,,,,,,,,,,,,,,,,,,,,,,,,,,,,,,,,,,,,,,,,,,,,,,,,,,,,,,,,,,,,,,,,,,,,,,,,,,,,Study,3,27
111,08515038,0x85159bc,0x8515018,2,11,16,0.0,0.0,1.0,20.0,0.0,1.0,1.0,160.0,120.0,2.0,14.0,1.0,1.0,0.0,192.0,184.0,1.0,31.0,2.0,0.0,0.0,192.0,312.0,1.0,31.0,3.0,0.0,0.0,192.0,376.0,2.0,14.0,4.0,1.0,0.0,,,,,,,,,,,,,,,,,,,,,,,,,,,,,,,,,,,,,,,,,,,,,,,,,,,,,,,,,,,,,,,,,,,,,,,,,,,,,,,,,,,,,,,,,,,,,,,,,,,,,,,,,,,,,,,,,,,,,,,,,,,,,,,,,,,,,,,,,,,,,,,,,,,,,,,,,,,Study,3,28
112,085150C8,0x8515a04,0x85150b8,1,7,17,64.0,184.0,2.0,14.0,0.0,1.0,6.0,128.0,184.0,1.0,21.0,1.0,0.0,0.0,256.0,152.0,1.0,31.0,2.0,0.0,0.0,384.0,152.0,1.0,32.0,3.0,0.0,0.0,512.0,152.0,1.0,31.0,4.0,0.0,0.0,640.0,152.0,1.0,32.0,5.0,0.0,0.0,720.0,152.0,1.0,31.0,6.0,0.0,0.0,768.0,152.0,1.0,21.0,7.0,0.0,0.0,920.0,184.0,2.0,14.0,8.0,1.0,0.0,,,,,,,,,,,,,,,,,,,,,,,,,,,,,,,,,,,,,,,,,,,,,,,,,,,,,,,,,,,,,,,,,,,,,,,,,,,,,,,,,,,,,,,,,,,,,,,,,,,,,,,,,,,,,,,,,,,,,,,,,,,,,,,Study,3,29
113,08515AF0,0x851680c,0x8515ae0,1,12,9,0.0,0.0,2.0,7.0,0.0,1.0,54.0,240.0,160.0,1.0,72.0,1.0,0.0,0.0,256.0,184.0,4.0,3.0,2.0,34.0,23.0,358.0,159.0,4.0,2.0,3.0,79.0,27.0,,,,,,,,,,,,,,,,,,,,,,,,,,,,,,,,,,,,,,,,,,,,,,,,,,,,,,,,,,,,,,,,,,,,,,,,,,,,,,,,,,,,,,,,,,,,,,,,,,,,,,,,,,,,,,,,,,,,,,,,,,,,,,,,,,,,,,,,,,,,,,,,,,,,,,,,,,,,,,,,,,Inner Quarters,4,1
114,08515B90,0x8516848,0x8515b70,2,12,10,0.0,0.0,2.0,7.0,12.0,1.0,63.0,0.0,0.0,2.0,7.0,13.0,1.0,64.0,0.0,0.0,2.0,7.0,14.0,1.0,65.0,304.0,159.0,1.0,59.0,0.0,0.0,0.0,464.0,159.0,1.0,36.0,1.0,0.0,0.0,240.0,223.0,1.0,59.0,2.0,0.0,0.0,296.0,287.0,1.0,36.0,3.0,0.0,0.0,80.0,319.0,2.0,14.0,10.0,2.0,1.0,240.0,415.0,1.0,59.0,4.0,0.0,0.0,80.0,511.0,2.0,14.0,11.0,2.0,1.0,400.0,591.0,1.0,36.0,5.0,0.0,0.0,464.0,591.0,1.0,59.0,6.0,0.0,0.0,368.0,703.0,1.0,36.0,7.0,0.0,0.0,444.0,703.0,1.0,49.0,8.0,0.0,0.0,464.0,703.0,1.0,59.0,9.0,0.0,0.0,,,,,,,,,,,,,,,,,,,,,,,,,,,,,,,,,,,,,,,,,,,,,,,,,,,,,,,,,,,,,,,,,,,,,,,,,,,,,,,,,,,,,Inner Quarters,4,2
115,08515C30,0x8516908,0x8515c10,2,14,11,256.0,176.0,1.0,40.0,0.0,0.0,0.0,0.0,0.0,2.0,7.0,1.0,1.0,63.0,0.0,0.0,2.0,7.0,2.0,1.0,64.0,0.0,0.0,2.0,7.0,3.0,1.0,65.0,,,,,,,,,,,,,,,,,,,,,,,,,,,,,,,,,,,,,,,,,,,,,,,,,,,,,,,,,,,,,,,,,,,,,,,,,,,,,,,,,,,,,,,,,,,,,,,,,,,,,,,,,,,,,,,,,,,,,,,,,,,,,,,,,,,,,,,,,,,,,,,,,,,,,,,,,,,,,,,,,,Inner Quarters,4,3
116,08515CD0,0x8516944,0x8515cb0,2,15,13,0.0,0.0,2.0,7.0,8.0,1.0,63.0,0.0,0.0,2.0,7.0,9.0,1.0,64.0,0.0,0.0,2.0,7.0,10.0,1.0,65.0,64.0,88.0,4.0,2.0,0.0,106.0,6.0,160.0,191.0,1.0,17.0,1.0,0.0,0.0,120.0,223.0,2.0,14.0,4.0,2.0,1.0,48.0,287.0,2.0,14.0,5.0,2.0,1.0,103.0,327.0,1.0,17.0,2.0,0.0,0.0,8.0,416.0,2.0,0.0,7.0,0.0,0.0,192.0,415.0,2.0,14.0,6.0,2.0,1.0,120.0,447.0,1.0,36.0,3.0,1.0,0.0,,,,,,,,,,,,,,,,,,,,,,,,,,,,,,,,,,,,,,,,,,,,,,,,,,,,,,,,,,,,,,,,,,,,,,,,,,,,,,,,,,,,,,,,,,,,,,,,,,,,,,,,,,,,,,,,,Inner Quarters,4,4
117,08515DB0,0x85169d4,0x8515d50,6,16,10,0.0,0.0,2.0,7.0,12.0,1.0,63.0,0.0,0.0,2.0,7.0,13.0,1.0,64.0,0.0,0.0,2.0,7.0,14.0,1.0,65.0,40.0,159.0,2.0,14.0,7.0,2.0,0.0,120.0,223.0,1.0,17.0,0.0,0.0,0.0,112.0,335.0,1.0,17.0,1.0,0.0,0.0,48.0,543.0,2.0,14.0,8.0,2.0,1.0,184.0,543.0,1.0,38.0,2.0,0.0,0.0,112.0,591.0,1.0,17.0,3.0,0.0,0.0,48.0,671.0,2.0,14.0,9.0,2.0,1.0,160.0,703.0,1.0,17.0,4.0,0.0,0.0,48.0,799.0,2.0,14.0,10.0,2.0,1.0,112.0,847.0,1.0,17.0,5.0,0.0,0.0,184.0,799.0,1.0,38.0,6.0,0.0,0.0,112.0,976.0,2.0,8.0,11.0,11.0,37.0,,,,,,,,,,,,,,,,,,,,,,,,,,,,,,,,,,,,,,,,,,,,,,,,,,,,,,,,,,,,,,,,,,,,,,,,,,,,,,,,,,,,,Inner Quarters,4,5
118,08515E58,0x8516a94,0x8515e38,2,16,14,0.0,0.0,2.0,7.0,4.0,1.0,60.0,0.0,0.0,2.0,7.0,5.0,1.0,61.0,0.0,0.0,2.0,7.0,6.0,1.0,62.0,48.0,152.0,4.0,2.0,0.0,102.0,1.0,72.0,191.0,1.0,22.0,1.0,0.0,0.0,88.0,160.0,3.0,0.0,7.0,7.0,1.0,96.0,191.0,1.0,22.0,2.0,0.0,0.0,152.0,160.0,3.0,0.0,8.0,7.0,0.0,224.0,136.0,2.0,8.0,3.0,12.0,38.0,,,,,,,,,,,,,,,,,,,,,,,,,,,,,,,,,,,,,,,,,,,,,,,,,,,,,,,,,,,,,,,,,,,,,,,,,,,,,,,,,,,,,,,,,,,,,,,,,,,,,,,,,,,,,,,,,,,,,,,,,,,,,,,Inner Quarters,4,6
119,08515EF0,0x8516b0c,0x8515ed0,2,17,10,232.0,160.0,2.0,2.0,1.0,0.0,4.0,,,,,,,,,,,,,,,,,,,,,,,,,,,,,,,,,,,,,,,,,,,,,,,,,,,,,,,,,,,,,,,,,,,,,,,,,,,,,,,,,,,,,,,,,,,,,,,,,,,,,,,,,,,,,,,,,,,,,,,,,,,,,,,,,,,,,,,,,,,,,,,,,,,,,,,,,,,,,,,,,,,,,,,,,,,,,,,,,,,,,,,Inner Quarters,4,7
120,08515F88,0x8516b24,0x8515f78,1,17,11,0.0,0.0,2.0,7.0,0.0,1.0,60.0,0.0,0.0,2.0,7.0,1.0,1.0,61.0,0.0,0.0,2.0,7.0,2.0,1.0,62.0,160.0,191.0,1.0,36.0,3.0,0.0,0.0,,,,,,,,,,,,,,,,,,,,,,,,,,,,,,,,,,,,,,,,,,,,,,,,,,,,,,,,,,,,,,,,,,,,,,,,,,,,,,,,,,,,,,,,,,,,,,,,,,,,,,,,,,,,,,,,,,,,,,,,,,,,,,,,,,,,,,,,,,,,,,,,,,,,,,,,,,,,,,,,,,Inner Quarters,4,8
121,08516040,0x8516b60,0x8516000,4,17,13,64.0,191.0,1.0,37.0,0.0,0.0,0.0,104.0,191.0,2.0,14.0,11.0,2.0,1.0,148.0,191.0,1.0,36.0,1.0,0.0,0.0,256.0,111.0,1.0,41.0,2.0,0.0,0.0,344.0,191.0,1.0,36.0,3.0,0.0,0.0,364.0,191.0,2.0,14.0,12.0,2.0,1.0,512.0,127.0,1.0,41.0,4.0,0.0,0.0,620.0,191.0,2.0,14.0,13.0,2.0,1.0,662.0,191.0,1.0,37.0,5.0,0.0,0.0,752.0,191.0,1.0,36.0,6.0,0.0,0.0,852.0,191.0,2.0,14.0,14.0,2.0,1.0,1088.0,96.0,3.0,0.0,20.0,6.0,1.0,1048.0,127.0,1.0,36.0,7.0,0.0,0.0,1052.0,191.0,1.0,36.0,8.0,0.0,0.0,1132.0,191.0,2.0,14.0,16.0,2.0,1.0,1216.0,96.0,3.0,0.0,21.0,6.0,0.0,1280.0,111.0,1.0,36.0,9.0,0.0,0.0,1300.0,191.0,1.0,36.0,10.0,0.0,0.0,1344.0,80.0,3.0,0.0,22.0,6.0,0.0,1324.0,191.0,2.0,14.0,18.0,2.0,1.0,1472.0,191.0,2.0,14.0,19.0,2.0,1.0,,,,,,,,,,,,,,,,,,,,,,,,,,,,,,,,,,,,,,,,,,,Inner Quarters,4,9
122,085160D8,0x8516c68,0x85160c8,1,17,14,0.0,0.0,2.0,7.0,4.0,1.0,60.0,0.0,0.0,2.0,7.0,5.0,1.0,61.0,0.0,0.0,2.0,7.0,6.0,1.0,62.0,144.0,127.0,1.0,42.0,1.0,0.0,0.0,192.0,191.0,4.0,4.0,0.0,52.0,4.0,,,,,,,,,,,,,,,,,,,,,,,,,,,,,,,,,,,,,,,,,,,,,,,,,,,,,,,,,,,,,,,,,,,,,,,,,,,,,,,,,,,,,,,,,,,,,,,,,,,,,,,,,,,,,,,,,,,,,,,,,,,,,,,,,,,,,,,,,,,,,,,,,,,,,,,,,,,Inner Quarters,4,10
123,08516168,0x8516cb0,0x8516158,1,18,5,0.0,0.0,2.0,7.0,0.0,1.0,44.0,0.0,0.0,2.0,7.0,1.0,1.0,45.0,0.0,0.0,2.0,7.0,2.0,1.0,46.0,0.0,0.0,2.0,7.0,3.0,1.0,47.0,0.0,0.0,2.0,7.0,4.0,1.0,48.0,0.0,0.0,2.0,7.0,5.0,1.0,49.0,0.0,0.0,2.0,7.0,6.0,1.0,50.0,112.0,184.0,4.0,3.0,7.0,26.0,9.0,656.0,184.0,4.0,7.0,8.0,6.0,1.0,304.0,267.0,1.0,52.0,9.0,0.0,0.0,432.0,403.0,1.0,52.0,10.0,0.0,0.0,304.0,504.0,1.0,41.0,11.0,0.0,0.0,464.0,595.0,1.0,43.0,12.0,0.0,0.0,464.0,715.0,1.0,52.0,13.0,0.0,0.0,304.0,875.0,1.0,43.0,14.0,0.0,0.0,464.0,1034.0,1.0,52.0,15.0,0.0,0.0,368.0,1120.0,1.0,41.0,16.0,0.0,0.0,304.0,1135.0,1.0,41.0,17.0,0.0,0.0,,,,,,,,,,,,,,,,,,,,,,,,,,,,,,,,,,,,,,,,,,,,,,,,,,,,,,,,,,,,,,,,Inner Quarters,4,11
124,08516200,0x8516d94,0x85161e0,2,18,10,0.0,0.0,2.0,7.0,0.0,1.0,41.0,0.0,0.0,2.0,7.0,1.0,1.0,42.0,88.0,160.0,2.0,4.0,2.0,1.0,4.0,240.0,127.0,2.0,10.0,3.0,42.0,4.0,304.0,192.0,1.0,106.0,4.0,1.0,0.0,424.0,160.0,2.0,4.0,5.0,1.0,4.0,,,,,,,,,,,,,,,,,,,,,,,,,,,,,,,,,,,,,,,,,,,,,,,,,,,,,,,,,,,,,,,,,,,,,,,,,,,,,,,,,,,,,,,,,,,,,,,,,,,,,,,,,,,,,,,,,,,,,,,,,,,,,,,,,,,,,,,,,,,,,,,,,,,,Inner Quarters,4,12
125,08516288,0x8516de8,0x8516278,1,18,11,48.0,191.0,2.0,14.0,6.0,2.0,0.0,160.0,176.0,1.0,39.0,0.0,0.0,0.0,200.0,191.0,1.0,43.0,3.0,0.0,0.0,208.0,191.0,2.0,14.0,7.0,2.0,0.0,256.0,143.0,1.0,41.0,4.0,0.0,0.0,256.0,176.0,1.0,39.0,1.0,1.0,0.0,304.0,191.0,1.0,43.0,5.0,0.0,0.0,352.0,176.0,1.0,39.0,2.0,1.0,0.0,400.0,191.0,2.0,14.0,8.0,2.0,0.0,,,,,,,,,,,,,,,,,,,,,,,,,,,,,,,,,,,,,,,,,,,,,,,,,,,,,,,,,,,,,,,,,,,,,,,,,,,,,,,,,,,,,,,,,,,,,,,,,,,,,,,,,,,,,,,,,,,,,,,,,,,,,,,Inner Quarters,4,13
126,08516320,0x8516e60,0x8516300,2,18,12,160.0,191.0,2.0,14.0,9.0,2.0,0.0,176.0,191.0,1.0,36.0,4.0,0.0,0.0,224.0,176.0,1.0,39.0,0.0,1.0,0.0,320.0,127.0,1.0,41.0,5.0,0.0,0.0,352.0,191.0,2.0,14.0,10.0,2.0,0.0,412.0,176.0,1.0,39.0,1.0,0.0,0.0,512.0,127.0,1.0,41.0,6.0,0.0,0.0,544.0,191.0,2.0,14.0,11.0,2.0,0.0,608.0,176.0,1.0,39.0,2.0,1.0,0.0,704.0,127.0,1.0,41.0,7.0,0.0,0.0,736.0,191.0,2.0,14.0,12.0,2.0,0.0,800.0,176.0,1.0,39.0,3.0,1.0,0.0,848.0,191.0,1.0,36.0,8.0,0.0,0.0,928.0,191.0,2.0,14.0,13.0,2.0,0.0,,,,,,,,,,,,,,,,,,,,,,,,,,,,,,,,,,,,,,,,,,,,,,,,,,,,,,,,,,,,,,,,,,,,,,,,,,,,,,,,,,,,,,,,,,,,Inner Quarters,4,14
127,085163E0,0x8516f14,0x85163a0,4,20,10,0.0,0.0,2.0,7.0,0.0,1.0,43.0,8.0,160.0,2.0,2.0,1.0,0.0,4.0,64.0,255.0,2.0,14.0,6.0,2.0,1.0,112.0,127.0,2.0,14.0,7.0,2.0,0.0,128.0,447.0,2.0,14.0,8.0,2.0,0.0,144.0,127.0,2.0,14.0,9.0,2.0,0.0,256.0,175.0,1.0,43.0,2.0,0.0,0.0,256.0,255.0,1.0,43.0,3.0,0.0,0.0,256.0,400.0,1.0,41.0,4.0,0.0,0.0,304.0,224.0,3.0,0.0,12.0,7.0,0.0,336.0,384.0,3.0,0.0,13.0,7.0,0.0,336.0,415.0,1.0,43.0,5.0,0.0,0.0,376.0,127.0,2.0,14.0,11.0,2.0,1.0,,,,,,,,,,,,,,,,,,,,,,,,,,,,,,,,,,,,,,,,,,,,,,,,,,,,,,,,,,,,,,,,,,,,,,,,,,,,,,,,,,,,,,,,,,,,,,,,,,,Inner Quarters,4,15
128,08516468,0x8516fbc,0x8516448,2,25,13,,,,,,,,,,,,,,,,,,,,,,,,,,,,,,,,,,,,,,,,,,,,,,,,,,,,,,,,,,,,,,,,,,,,,,,,,,,,,,,,,,,,,,,,,,,,,,,,,,,,,,,,,,,,,,,,,,,,,,,,,,,,,,,,,,,,,,,,,,,,,,,,,,,,,,,,,,,,,,,,,,,,,,,,,,,,,,,,,,,,,,,,,,,,,,Inner Quarters,4,16
129,08516510,0x8516fc8,0x85164f0,2,20,14,0.0,0.0,2.0,7.0,4.0,1.0,60.0,0.0,0.0,2.0,7.0,5.0,1.0,61.0,0.0,0.0,2.0,7.0,6.0,1.0,62.0,8.0,160.0,2.0,0.0,3.0,0.0,0.0,120.0,191.0,2.0,14.0,2.0,2.0,0.0,184.0,191.0,1.0,36.0,0.0,0.0,0.0,192.0,111.0,1.0,31.0,1.0,0.0,0.0,,,,,,,,,,,,,,,,,,,,,,,,,,,,,,,,,,,,,,,,,,,,,,,,,,,,,,,,,,,,,,,,,,,,,,,,,,,,,,,,,,,,,,,,,,,,,,,,,,,,,,,,,,,,,,,,,,,,,,,,,,,,,,,,,,,,,,,,,,,,,Inner Quarters,4,17
130,085165C0,0x8517028,0x8516590,3,22,10,0.0,0.0,2.0,7.0,11.0,1.0,63.0,0.0,0.0,2.0,7.0,12.0,1.0,64.0,0.0,0.0,2.0,7.0,13.0,1.0,65.0,192.0,159.0,2.0,14.0,6.0,2.0,0.0,120.0,223.0,1.0,43.0,0.0,0.0,0.0,48.0,287.0,2.0,14.0,7.0,2.0,0.0,152.0,367.0,1.0,43.0,1.0,0.0,0.0,40.0,415.0,1.0,49.0,2.0,0.0,0.0,192.0,415.0,2.0,14.0,8.0,2.0,0.0,68.0,431.0,1.0,38.0,3.0,0.0,0.0,120.0,479.0,1.0,43.0,4.0,0.0,0.0,48.0,543.0,2.0,14.0,9.0,2.0,0.0,152.0,623.0,1.0,43.0,5.0,0.0,0.0,192.0,671.0,2.0,14.0,10.0,2.0,0.0,,,,,,,,,,,,,,,,,,,,,,,,,,,,,,,,,,,,,,,,,,,,,,,,,,,,,,,,,,,,,,,,,,,,,,,,,,,,,,,,,,,,,,,,,,,,Inner Quarters,4,18
131,08516648,0x85170dc,0x8516638,1,21,14,48.0,84.0,3.0,0.0,0.0,6.0,1.0,80.0,191.0,1.0,43.0,1.0,0.0,0.0,152.0,127.0,1.0,43.0,2.0,0.0,0.0,192.0,84.0,3.0,0.0,3.0,6.0,0.0,256.0,127.0,1.0,37.0,4.0,0.0,0.0,256.0,191.0,1.0,36.0,5.0,0.0,0.0,288.0,191.0,2.0,14.0,6.0,2.0,1.0,320.0,84.0,3.0,0.0,7.0,6.0,0.0,384.0,191.0,1.0,37.0,8.0,0.0,0.0,384.0,184.0,4.0,2.0,9.0,97.0,5.0,432.0,191.0,2.0,14.0,10.0,2.0,1.0,448.0,84.0,3.0,0.0,11.0,6.0,0.0,464.0,191.0,2.0,14.0,12.0,2.0,3.0,471.0,111.0,1.0,36.0,13.0,0.0,0.0,,,,,,,,,,,,,,,,,,,,,,,,,,,,,,,,,,,,,,,,,,,,,,,,,,,,,,,,,,,,,,,,,,,,,,,,,,,,,,,,,,,,,,,,,,,,Inner Quarters,4,19
132,085166F0,0x8517190,0x85166d0,2,23,13,0.0,0.0,2.0,7.0,7.0,1.0,60.0,0.0,0.0,2.0,7.0,8.0,1.0,61.0,0.0,0.0,2.0,7.0,9.0,1.0,62.0,184.0,127.0,1.0,42.0,0.0,0.0,0.0,192.0,144.0,3.0,0.0,10.0,7.0,0.0,256.0,191.0,2.0,14.0,4.0,2.0,0.0,280.0,191.0,1.0,22.0,1.0,0.0,0.0,320.0,144.0,3.0,0.0,11.0,7.0,0.0,328.0,111.0,1.0,42.0,2.0,0.0,0.0,504.0,160.0,2.0,0.0,6.0,0.0,0.0,,,,,,,,,,,,,,,,,,,,,,,,,,,,,,,,,,,,,,,,,,,,,,,,,,,,,,,,,,,,,,,,,,,,,,,,,,,,,,,,,,,,,,,,,,,,,,,,,,,,,,,,,,,,,,,,,,,,,,,,Inner Quarters,4,20
133,08516768,0x8510f84,0x8516758,1,15,10,0.0,0.0,2.0,29.0,0.0,1.0,0.0,0.0,0.0,2.0,28.0,1.0,0.0,0.0,,,,,,,,,,,,,,,,,,,,,,,,,,,,,,,,,,,,,,,,,,,,,,,,,,,,,,,,,,,,,,,,,,,,,,,,,,,,,,,,,,,,,,,,,,,,,,,,,,,,,,,,,,,,,,,,,,,,,,,,,,,,,,,,,,,,,,,,,,,,,,,,,,,,,,,,,,,,,,,,,,,,,,,,,,,,,,,,Inner Quarters,4,21
134,085167E8,0x8510a44,0x85167d8,1,17,12,0.0,0.0,2.0,31.0,0.0,0.0,0.0,224.0,160.0,2.0,29.0,1.0,0.0,0.0,,,,,,,,,,,,,,,,,,,,,,,,,,,,,,,,,,,,,,,,,,,,,,,,,,,,,,,,,,,,,,,,,,,,,,,,,,,,,,,,,,,,,,,,,,,,,,,,,,,,,,,,,,,,,,,,,,,,,,,,,,,,,,,,,,,,,,,,,,,,,,,,,,,,,,,,,,,,,,,,,,,,,,,,,,,,,,,,Inner Quarters,4,22
135,085172B8,0x8517b94,0x8517268,5,23,17,80.0,368.0,1.0,49.0,0.0,0.0,0.0,140.0,180.0,1.0,45.0,1.0,0.0,0.0,192.0,224.0,2.0,41.0,2.0,416.0,0.0,240.0,175.0,3.0,0.0,3.0,4.0,0.0,240.0,399.0,3.0,0.0,4.0,4.0,0.0,320.0,174.0,1.0,49.0,5.0,0.0,0.0,336.0,175.0,3.0,0.0,6.0,4.0,1.0,368.0,223.0,1.0,51.0,7.0,0.0,0.0,432.0,399.0,3.0,0.0,8.0,4.0,0.0,496.0,144.0,1.0,49.0,9.0,0.0,0.0,512.0,447.0,1.0,51.0,10.0,0.0,0.0,528.0,175.0,3.0,0.0,11.0,4.0,0.0,576.0,416.0,2.0,41.0,12.0,224.0,0.0,624.0,175.0,3.0,0.0,13.0,4.0,0.0,624.0,399.0,3.0,0.0,14.0,4.0,0.0,,,,,,,,,,,,,,,,,,,,,,,,,,,,,,,,,,,,,,,,,,,,,,,,,,,,,,,,,,,,,,,,,,,,,,,,,,,,,,,,,,,,,Floating Garden,5,23
136,08517380,0x8517c54,0x8517330,5,23,19,0.0,0.0,2.0,7.0,0.0,1.0,33.0,8.0,416.0,2.0,0.0,1.0,0.0,0.0,80.0,175.0,3.0,0.0,2.0,4.0,0.0,128.0,192.0,2.0,41.0,3.0,80.0,0.0,176.0,175.0,3.0,0.0,4.0,4.0,0.0,224.0,224.0,2.0,41.0,5.0,416.0,0.0,320.0,223.0,1.0,46.0,6.0,0.0,0.0,320.0,447.0,1.0,46.0,7.0,0.0,0.0,368.0,175.0,3.0,0.0,8.0,4.0,0.0,384.0,80.0,2.0,41.0,9.0,192.0,0.0,464.0,175.0,3.0,0.0,10.0,4.0,0.0,512.0,336.0,2.0,41.0,11.0,224.0,0.0,560.0,175.0,3.0,0.0,12.0,4.0,0.0,608.0,416.0,2.0,43.0,13.0,0.0,0.0,,,,,,,,,,,,,,,,,,,,,,,,,,,,,,,,,,,,,,,,,,,,,,,,,,,,,,,,,,,,,,,,,,,,,,,,,,,,,,,,,,,,,,,,,,,,Floating Garden,5,24
137,08517448,0x8517d08,0x85173f8,5,26,17,144.0,175.0,3.0,0.0,0.0,4.0,0.0,131.0,198.0,1.0,45.0,1.0,0.0,0.0,240.0,175.0,3.0,0.0,2.0,4.0,0.0,240.0,399.0,3.0,0.0,3.0,4.0,0.0,248.0,447.0,1.0,51.0,4.0,0.0,0.0,400.0,399.0,3.0,0.0,5.0,4.0,0.0,448.0,223.0,2.0,14.0,6.0,0.0,0.0,592.0,399.0,3.0,0.0,7.0,4.0,0.0,592.0,447.0,1.0,51.0,8.0,0.0,0.0,,,,,,,,,,,,,,,,,,,,,,,,,,,,,,,,,,,,,,,,,,,,,,,,,,,,,,,,,,,,,,,,,,,,,,,,,,,,,,,,,,,,,,,,,,,,,,,,,,,,,,,,,,,,,,,,,,,,,,,,,,,,,,,Floating Garden,5,25
138,08517510,0x8517d80,0x85174c0,5,26,19,128.0,192.0,2.0,41.0,0.0,96.0,0.0,184.0,216.0,4.0,2.0,1.0,82.0,31.0,208.0,175.0,3.0,0.0,2.0,4.0,0.0,273.0,384.0,1.0,45.0,3.0,0.0,0.0,288.0,447.0,1.0,47.0,4.0,0.0,0.0,336.0,354.0,1.0,45.0,5.0,0.0,0.0,384.0,416.0,2.0,41.0,6.0,96.0,0.0,528.0,175.0,3.0,0.0,7.0,4.0,0.0,529.0,384.0,1.0,45.0,8.0,0.0,0.0,624.0,175.0,3.0,0.0,9.0,4.0,1.0,624.0,223.0,1.0,46.0,10.0,0.0,0.0,,,,,,,,,,,,,,,,,,,,,,,,,,,,,,,,,,,,,,,,,,,,,,,,,,,,,,,,,,,,,,,,,,,,,,,,,,,,,,,,,,,,,,,,,,,,,,,,,,,,,,,,,,,,,,,,,Floating Garden,5,26
139,085175A8,0x8517e10,0x8517588,2,5,4,0.0,0.0,2.0,44.0,0.0,4.0,0.0,136.0,687.0,3.0,0.0,1.0,12.0,0.0,192.0,328.0,4.0,1.0,2.0,155.0,5.0,200.0,136.0,3.0,0.0,3.0,12.0,0.0,240.0,335.0,1.0,8.0,4.0,4.0,0.0,328.0,559.0,3.0,0.0,5.0,12.0,0.0,328.0,687.0,3.0,0.0,6.0,12.0,0.0,328.0,815.0,3.0,0.0,7.0,12.0,0.0,328.0,136.0,3.0,0.0,8.0,12.0,0.0,336.0,607.0,1.0,47.0,9.0,0.0,0.0,392.0,159.0,1.0,8.0,10.0,2.0,0.0,456.0,136.0,3.0,0.0,11.0,12.0,1.0,512.0,607.0,1.0,47.0,12.0,0.0,0.0,512.0,863.0,1.0,79.0,13.0,0.0,0.0,584.0,136.0,3.0,0.0,14.0,12.0,0.0,648.0,159.0,1.0,8.0,15.0,2.0,0.0,696.0,559.0,3.0,0.0,16.0,12.0,0.0,696.0,687.0,3.0,0.0,17.0,12.0,0.0,696.0,815.0,3.0,0.0,18.0,12.0,0.0,704.0,607.0,1.0,47.0,19.0,0.0,0.0,712.0,136.0,3.0,0.0,20.0,12.0,0.0,776.0,335.0,1.0,8.0,21.0,4.0,0.0,832.0,328.0,4.0,1.0,22.0,156.0,5.0,840.0,136.0,3.0,0.0,23.0,12.0,0.0,888.0,694.0,3.0,0.0,24.0,12.0,0.0,,,,,,,,,,,,,,,Floating Garden,5,27
140,08517660,0x8517f48,0x8517620,4,19,0,0.0,96.0,1.0,44.0,0.0,0.0,2.0,136.0,143.0,3.0,0.0,1.0,2.0,0.0,296.0,143.0,3.0,0.0,2.0,2.0,0.0,456.0,143.0,3.0,0.0,3.0,2.0,0.0,503.0,431.0,1.0,83.0,4.0,0.0,0.0,616.0,143.0,3.0,0.0,5.0,2.0,0.0,384.0,192.0,2.0,41.0,6.0,384.0,1.0,,,,,,,,,,,,,,,,,,,,,,,,,,,,,,,,,,,,,,,,,,,,,,,,,,,,,,,,,,,,,,,,,,,,,,,,,,,,,,,,,,,,,,,,,,,,,,,,,,,,,,,,,,,,,,,,,,,,,,,,,,,,,,,,,,,,,,,,,,,,,Floating Garden,5,28
141,085176F8,0x8517fa8,0x85176d8,2,19,2,0.0,0.0,2.0,32.0,0.0,21.0,0.0,8.0,160.0,2.0,2.0,1.0,1.0,2.0,0.0,0.0,2.0,49.0,2.0,3.0,0.0,0.0,0.0,2.0,49.0,3.0,2.0,0.0,0.0,0.0,2.0,49.0,4.0,1.0,0.0,0.0,0.0,2.0,49.0,5.0,0.0,0.0,0.0,0.0,2.0,47.0,6.0,0.0,0.0,0.0,0.0,2.0,47.0,7.0,1.0,0.0,0.0,0.0,2.0,47.0,8.0,2.0,0.0,0.0,0.0,2.0,48.0,9.0,0.0,0.0,288.0,175.0,1.0,110.0,10.0,1.0,0.0,504.0,160.0,2.0,2.0,11.0,1.0,2.0,,,,,,,,,,,,,,,,,,,,,,,,,,,,,,,,,,,,,,,,,,,,,,,,,,,,,,,,,,,,,,,,,,,,,,,,,,,,,,,,,,,,,,,,,,,,,,,,,,,,,,,,,,Floating Garden,5,29
142,08517790,0x8518044,0x8517770,2,21,2,8.0,160.0,2.0,6.0,0.0,0.0,0.0,112.0,80.0,2.0,41.0,1.0,166.0,1.0,,,,,,,,,,,,,,,,,,,,,,,,,,,,,,,,,,,,,,,,,,,,,,,,,,,,,,,,,,,,,,,,,,,,,,,,,,,,,,,,,,,,,,,,,,,,,,,,,,,,,,,,,,,,,,,,,,,,,,,,,,,,,,,,,,,,,,,,,,,,,,,,,,,,,,,,,,,,,,,,,,,,,,,,,,,,,,,,Floating Garden,5,30
143,08517828,0x8518068,0x8517808,2,33,1,0.0,0.0,2.0,44.0,0.0,4.0,0.0,136.0,415.0,3.0,0.0,1.0,12.0,0.0,200.0,135.0,3.0,0.0,2.0,12.0,0.0,296.0,351.0,3.0,0.0,3.0,12.0,0.0,296.0,527.0,3.0,0.0,4.0,12.0,0.0,328.0,135.0,3.0,0.0,5.0,12.0,0.0,384.0,399.0,1.0,48.0,6.0,0.0,0.0,384.0,575.0,1.0,47.0,7.0,0.0,0.0,456.0,135.0,3.0,0.0,8.0,12.0,0.0,472.0,351.0,3.0,0.0,9.0,12.0,1.0,472.0,527.0,3.0,0.0,10.0,12.0,0.0,584.0,135.0,3.0,0.0,11.0,12.0,0.0,632.0,415.0,3.0,0.0,12.0,12.0,0.0,,,,,,,,,,,,,,,,,,,,,,,,,,,,,,,,,,,,,,,,,,,,,,,,,,,,,,,,,,,,,,,,,,,,,,,,,,,,,,,,,,,,,,,,,,,,,,,,,,,Floating Garden,5,31
144,085178C0,0x8518110,0x85178a0,2,46,9,0.0,0.0,2.0,44.0,0.0,4.0,0.0,136.0,415.0,3.0,0.0,1.0,12.0,0.0,200.0,135.0,3.0,0.0,2.0,12.0,0.0,296.0,351.0,3.0,0.0,3.0,12.0,0.0,328.0,135.0,3.0,0.0,4.0,12.0,0.0,360.0,527.0,3.0,0.0,5.0,12.0,0.0,384.0,399.0,1.0,52.0,6.0,0.0,0.0,384.0,575.0,1.0,54.0,7.0,0.0,0.0,392.0,152.0,4.0,1.0,8.0,152.0,4.0,408.0,527.0,3.0,0.0,9.0,12.0,0.0,456.0,135.0,3.0,0.0,10.0,12.0,1.0,472.0,351.0,3.0,0.0,11.0,12.0,0.0,584.0,135.0,3.0,0.0,12.0,12.0,0.0,632.0,415.0,3.0,0.0,13.0,12.0,0.0,,,,,,,,,,,,,,,,,,,,,,,,,,,,,,,,,,,,,,,,,,,,,,,,,,,,,,,,,,,,,,,,,,,,,,,,,,,,,,,,,,,,,,,,,,,,Floating Garden,5,32
145,08517958,0x85181c4,0x8517938,2,41,6,0.0,0.0,2.0,44.0,0.0,4.0,0.0,136.0,415.0,3.0,0.0,1.0,12.0,0.0,200.0,135.0,3.0,0.0,2.0,12.0,0.0,296.0,351.0,3.0,0.0,3.0,12.0,0.0,296.0,575.0,1.0,50.0,4.0,0.0,0.0,328.0,135.0,3.0,0.0,5.0,12.0,0.0,336.0,399.0,1.0,50.0,6.0,0.0,0.0,360.0,527.0,3.0,0.0,7.0,12.0,0.0,384.0,432.0,1.0,48.0,8.0,0.0,0.0,392.0,152.0,4.0,1.0,9.0,153.0,4.0,408.0,527.0,3.0,0.0,10.0,12.0,0.0,432.0,399.0,1.0,50.0,11.0,0.0,0.0,456.0,135.0,3.0,0.0,12.0,12.0,0.0,472.0,351.0,3.0,0.0,13.0,12.0,0.0,472.0,575.0,1.0,50.0,14.0,0.0,0.0,584.0,135.0,3.0,0.0,15.0,12.0,0.0,632.0,415.0,3.0,0.0,16.0,12.0,0.0,,,,,,,,,,,,,,,,,,,,,,,,,,,,,,,,,,,,,,,,,,,,,,,,,,,,,,,,,,,,,,,,,,,,,,,Floating Garden,5,33
146,085179D0,0x8510f84,0x85179c0,1,19,1,0.0,0.0,2.0,29.0,0.0,1.0,0.0,0.0,0.0,2.0,28.0,1.0,0.0,0.0,,,,,,,,,,,,,,,,,,,,,,,,,,,,,,,,,,,,,,,,,,,,,,,,,,,,,,,,,,,,,,,,,,,,,,,,,,,,,,,,,,,,,,,,,,,,,,,,,,,,,,,,,,,,,,,,,,,,,,,,,,,,,,,,,,,,,,,,,,,,,,,,,,,,,,,,,,,,,,,,,,,,,,,,,,,,,,,,Floating Garden,5,34
147,08517A48,0x8510f84,0x8517a38,1,29,20,0.0,0.0,2.0,29.0,0.0,1.0,0.0,0.0,0.0,2.0,28.0,1.0,0.0,0.0,,,,,,,,,,,,,,,,,,,,,,,,,,,,,,,,,,,,,,,,,,,,,,,,,,,,,,,,,,,,,,,,,,,,,,,,,,,,,,,,,,,,,,,,,,,,,,,,,,,,,,,,,,,,,,,,,,,,,,,,,,,,,,,,,,,,,,,,,,,,,,,,,,,,,,,,,,,,,,,,,,,,,,,,,,,,,,,,Floating Garden,5,35
148,08517AE0,0x851829c,0x8517ac0,2,12,2,136.0,415.0,3.0,0.0,0.0,12.0,0.0,200.0,135.0,3.0,0.0,1.0,12.0,0.0,296.0,351.0,3.0,0.0,2.0,12.0,0.0,296.0,527.0,3.0,0.0,3.0,12.0,0.0,296.0,575.0,1.0,50.0,4.0,0.0,0.0,328.0,135.0,3.0,0.0,5.0,12.0,0.0,384.0,399.0,1.0,53.0,6.0,0.0,0.0,384.0,575.0,1.0,52.0,7.0,0.0,0.0,392.0,152.0,4.0,1.0,8.0,154.0,4.0,456.0,135.0,3.0,0.0,9.0,12.0,0.0,472.0,351.0,3.0,0.0,10.0,12.0,0.0,472.0,527.0,3.0,0.0,11.0,12.0,0.0,472.0,575.0,1.0,50.0,12.0,0.0,0.0,584.0,135.0,3.0,0.0,13.0,12.0,0.0,632.0,415.0,3.0,0.0,14.0,12.0,0.0,,,,,,,,,,,,,,,,,,,,,,,,,,,,,,,,,,,,,,,,,,,,,,,,,,,,,,,,,,,,,,,,,,,,,,,,,,,,,,,,,,,,,Floating Garden,5,36
149,08517B70,0x851835c,0x8517b60,1,26,1,16.0,152.0,2.0,8.0,0.0,15.0,0.0,112.0,48.0,2.0,8.0,1.0,16.0,0.0,112.0,104.0,2.0,21.0,2.0,0.0,0.0,,,,,,,,,,,,,,,,,,,,,,,,,,,,,,,,,,,,,,,,,,,,,,,,,,,,,,,,,,,,,,,,,,,,,,,,,,,,,,,,,,,,,,,,,,,,,,,,,,,,,,,,,,,,,,,,,,,,,,,,,,,,,,,,,,,,,,,,,,,,,,,,,,,,,,,,,,,,,,,,,,,,,,,,,Floating Garden,5,37
150,08518400,0x85198c4,0x85183e0,2,33,7,0.0,0.0,2.0,7.0,0.0,1.0,26.0,0.0,0.0,2.0,7.0,1.0,1.0,27.0,8.0,160.0,2.0,0.0,2.0,0.0,0.0,80.0,128.0,2.0,15.0,3.0,0.0,0.0,192.0,111.0,1.0,56.0,6.0,0.0,0.0,208.0,128.0,2.0,15.0,4.0,0.0,0.0,256.0,176.0,1.0,15.0,7.0,0.0,0.0,320.0,111.0,1.0,56.0,8.0,0.0,0.0,336.0,128.0,2.0,15.0,5.0,0.0,0.0,,,,,,,,,,,,,,,,,,,,,,,,,,,,,,,,,,,,,,,,,,,,,,,,,,,,,,,,,,,,,,,,,,,,,,,,,,,,,,,,,,,,,,,,,,,,,,,,,,,,,,,,,,,,,,,,,,,,,,,,,,,,,,,Clock Tower,6,1
151,08518490,0x851993c,0x8518480,1,33,12,0.0,0.0,2.0,7.0,0.0,1.0,27.0,68.0,127.0,1.0,59.0,1.0,0.0,0.0,96.0,159.0,1.0,59.0,2.0,0.0,0.0,,,,,,,,,,,,,,,,,,,,,,,,,,,,,,,,,,,,,,,,,,,,,,,,,,,,,,,,,,,,,,,,,,,,,,,,,,,,,,,,,,,,,,,,,,,,,,,,,,,,,,,,,,,,,,,,,,,,,,,,,,,,,,,,,,,,,,,,,,,,,,,,,,,,,,,,,,,,,,,,,,,,,,,,,Clock Tower,6,2
152,08518520,0x851996c,0x8518500,2,33,13,0.0,0.0,2.0,7.0,0.0,1.0,28.0,0.0,0.0,2.0,7.0,1.0,1.0,34.0,0.0,0.0,2.0,7.0,2.0,1.0,35.0,0.0,0.0,1.0,57.0,3.0,3.0,2.0,128.0,152.0,2.0,14.0,4.0,14.0,0.0,120.0,440.0,2.0,14.0,5.0,14.0,0.0,,,,,,,,,,,,,,,,,,,,,,,,,,,,,,,,,,,,,,,,,,,,,,,,,,,,,,,,,,,,,,,,,,,,,,,,,,,,,,,,,,,,,,,,,,,,,,,,,,,,,,,,,,,,,,,,,,,,,,,,,,,,,,,,,,,,,,,,,,,,,,,,,,,,Clock Tower,6,3
153,085185B0,0x85199c0,0x85185a0,1,33,15,0.0,0.0,2.0,7.0,0.0,1.0,27.0,72.0,184.0,4.0,4.0,1.0,53.0,6.0,,,,,,,,,,,,,,,,,,,,,,,,,,,,,,,,,,,,,,,,,,,,,,,,,,,,,,,,,,,,,,,,,,,,,,,,,,,,,,,,,,,,,,,,,,,,,,,,,,,,,,,,,,,,,,,,,,,,,,,,,,,,,,,,,,,,,,,,,,,,,,,,,,,,,,,,,,,,,,,,,,,,,,,,,,,,,,,,Clock Tower,6,4
154,08518658,0x85199e4,0x8518628,3,34,10,0.0,0.0,2.0,7.0,0.0,1.0,28.0,0.0,0.0,2.0,7.0,1.0,1.0,34.0,0.0,0.0,2.0,7.0,2.0,1.0,35.0,80.0,96.0,1.0,56.0,3.0,0.0,0.0,208.0,127.0,3.0,0.0,4.0,9.0,0.0,40.0,159.0,3.0,0.0,5.0,9.0,0.0,48.0,191.0,1.0,59.0,6.0,0.0,0.0,183.0,255.0,3.0,0.0,7.0,9.0,0.0,16.0,392.0,2.0,8.0,8.0,2.0,39.0,96.0,288.0,2.0,54.0,9.0,7.0,0.0,208.0,383.0,3.0,0.0,10.0,9.0,0.0,,,,,,,,,,,,,,,,,,,,,,,,,,,,,,,,,,,,,,,,,,,,,,,,,,,,,,,,,,,,,,,,,,,,,,,,,,,,,,,,,,,,,,,,,,,,,,,,,,,,,,,,,,,,,,,,,Clock Tower,6,5
155,08518710,0x8519a74,0x85186d0,4,34,12,0.0,0.0,2.0,7.0,0.0,1.0,28.0,0.0,0.0,2.0,7.0,1.0,1.0,34.0,0.0,0.0,2.0,7.0,2.0,1.0,35.0,120.0,96.0,1.0,56.0,3.0,0.0,0.0,208.0,127.0,3.0,0.0,4.0,9.0,0.0,199.0,255.0,3.0,0.0,5.0,9.0,0.0,176.0,256.0,1.0,56.0,6.0,0.0,0.0,199.0,383.0,3.0,0.0,7.0,9.0,0.0,128.0,374.0,2.0,54.0,8.0,8.0,0.0,120.0,447.0,1.0,58.0,9.0,3.0,0.0,,,,,,,,,,,,,,,,,,,,,,,,,,,,,,,,,,,,,,,,,,,,,,,,,,,,,,,,,,,,,,,,,,,,,,,,,,,,,,,,,,,,,,,,,,,,,,,,,,,,,,,,,,,,,,,,,,,,,,,,Clock Tower,6,6
156,085187A0,0x8519af8,0x8518780,2,34,14,0.0,0.0,2.0,7.0,0.0,1.0,28.0,0.0,0.0,2.0,7.0,1.0,1.0,34.0,0.0,0.0,2.0,7.0,2.0,1.0,35.0,0.0,0.0,1.0,57.0,5.0,3.0,3.0,215.0,95.0,3.0,0.0,8.0,9.0,1.0,200.0,127.0,1.0,59.0,6.0,0.0,0.0,176.0,136.0,1.0,41.0,7.0,0.0,0.0,48.0,216.0,2.0,42.0,3.0,160.0,3.0,160.0,272.0,2.0,42.0,4.0,96.0,3.0,,,,,,,,,,,,,,,,,,,,,,,,,,,,,,,,,,,,,,,,,,,,,,,,,,,,,,,,,,,,,,,,,,,,,,,,,,,,,,,,,,,,,,,,,,,,,,,,,,,,,,,,,,,,,,,,,,,,,,,,,,,,,,,Clock Tower,6,7
157,08518838,0x8519b70,0x8518818,2,35,5,0.0,0.0,2.0,7.0,0.0,1.0,26.0,0.0,0.0,2.0,7.0,1.0,1.0,27.0,8.0,160.0,2.0,2.0,2.0,1.0,1.0,256.0,128.0,1.0,107.0,3.0,1.0,0.0,504.0,160.0,2.0,2.0,4.0,1.0,1.0,,,,,,,,,,,,,,,,,,,,,,,,,,,,,,,,,,,,,,,,,,,,,,,,,,,,,,,,,,,,,,,,,,,,,,,,,,,,,,,,,,,,,,,,,,,,,,,,,,,,,,,,,,,,,,,,,,,,,,,,,,,,,,,,,,,,,,,,,,,,,,,,,,,,,,,,,,,Clock Tower,6,8
158,085188F0,0x8519bb8,0x85188c0,3,35,12,0.0,0.0,2.0,7.0,0.0,1.0,38.0,0.0,0.0,2.0,7.0,1.0,1.0,39.0,0.0,0.0,2.0,7.0,2.0,1.0,40.0,112.0,191.0,2.0,14.0,3.0,14.0,1.0,144.0,144.0,1.0,48.0,5.0,0.0,0.0,256.0,183.0,1.0,63.0,6.0,0.0,0.0,296.0,183.0,1.0,63.0,7.0,0.0,0.0,336.0,183.0,1.0,63.0,8.0,0.0,0.0,376.0,183.0,1.0,63.0,9.0,0.0,0.0,464.0,183.0,1.0,63.0,10.0,0.0,0.0,504.0,183.0,1.0,63.0,11.0,0.0,0.0,656.0,183.0,2.0,14.0,4.0,14.0,1.0,,,,,,,,,,,,,,,,,,,,,,,,,,,,,,,,,,,,,,,,,,,,,,,,,,,,,,,,,,,,,,,,,,,,,,,,,,,,,,,,,,,,,,,,,,,,,,,,,,,,,,,,,,Clock Tower,6,9
159,08518988,0x8519c54,0x8518978,1,35,13,0.0,0.0,2.0,7.0,0.0,1.0,36.0,0.0,0.0,1.0,57.0,1.0,2.0,2.0,128.0,80.0,2.0,52.0,2.0,0.0,5.0,256.0,80.0,2.0,52.0,3.0,1.0,6.0,384.0,80.0,2.0,52.0,4.0,0.0,4.0,512.0,80.0,2.0,52.0,5.0,1.0,5.0,640.0,80.0,2.0,52.0,6.0,0.0,6.0,720.0,120.0,4.0,3.0,7.0,31.0,14.0,,,,,,,,,,,,,,,,,,,,,,,,,,,,,,,,,,,,,,,,,,,,,,,,,,,,,,,,,,,,,,,,,,,,,,,,,,,,,,,,,,,,,,,,,,,,,,,,,,,,,,,,,,,,,,,,,,,,,,,,,,,,,,,,,,,,,,Clock Tower,6,10
160,08518A30,0x8519cc0,0x8518a00,3,38,14,0.0,0.0,2.0,7.0,0.0,1.0,28.0,0.0,0.0,2.0,7.0,1.0,1.0,34.0,0.0,0.0,2.0,7.0,2.0,1.0,35.0,0.0,0.0,1.0,57.0,4.0,3.0,3.0,40.0,159.0,3.0,0.0,7.0,9.0,0.0,48.0,191.0,1.0,59.0,5.0,0.0,0.0,183.0,255.0,3.0,0.0,8.0,9.0,0.0,96.0,288.0,2.0,54.0,3.0,5.0,0.0,120.0,415.0,1.0,58.0,6.0,4.0,0.0,,,,,,,,,,,,,,,,,,,,,,,,,,,,,,,,,,,,,,,,,,,,,,,,,,,,,,,,,,,,,,,,,,,,,,,,,,,,,,,,,,,,,,,,,,,,,,,,,,,,,,,,,,,,,,,,,,,,,,,,,,,,,,,Clock Tower,6,11
161,08518AC8,0x8519d38,0x8518aa8,2,38,7,0.0,0.0,2.0,7.0,0.0,1.0,26.0,0.0,0.0,2.0,7.0,1.0,1.0,27.0,176.0,128.0,2.0,15.0,5.0,0.0,0.0,174.0,159.0,2.0,32.0,2.0,7.0,0.0,280.0,111.0,2.0,11.0,4.0,56.0,36.0,304.0,128.0,2.0,15.0,6.0,0.0,0.0,432.0,128.0,2.0,15.0,7.0,0.0,0.0,504.0,160.0,2.0,0.0,3.0,0.0,0.0,,,,,,,,,,,,,,,,,,,,,,,,,,,,,,,,,,,,,,,,,,,,,,,,,,,,,,,,,,,,,,,,,,,,,,,,,,,,,,,,,,,,,,,,,,,,,,,,,,,,,,,,,,,,,,,,,,,,,,,,,,,,,,,,,,,,,,Clock Tower,6,12
162,08518B70,0x8519da4,0x8518b40,3,38,10,0.0,0.0,2.0,7.0,0.0,1.0,28.0,0.0,0.0,2.0,7.0,1.0,1.0,34.0,0.0,0.0,2.0,7.0,2.0,1.0,35.0,0.0,0.0,1.0,57.0,7.0,1.0,2.0,208.0,88.0,3.0,0.0,9.0,9.0,1.0,208.0,127.0,1.0,59.0,8.0,0.0,0.0,40.0,264.0,3.0,0.0,10.0,9.0,0.0,128.0,288.0,2.0,54.0,6.0,2.0,0.0,208.0,383.0,3.0,0.0,11.0,9.0,0.0,224.0,383.0,3.0,0.0,12.0,9.0,0.0,112.0,416.0,2.0,50.0,3.0,0.0,0.0,144.0,416.0,2.0,50.0,4.0,0.0,0.0,176.0,416.0,2.0,50.0,5.0,0.0,0.0,,,,,,,,,,,,,,,,,,,,,,,,,,,,,,,,,,,,,,,,,,,,,,,,,,,,,,,,,,,,,,,,,,,,,,,,,,,,,,,,,,,,,,,,,,,,,,,,,,,Clock Tower,6,13
163,08518C18,0x8519e4c,0x8518be8,3,38,12,0.0,0.0,2.0,7.0,0.0,1.0,28.0,0.0,0.0,2.0,7.0,1.0,1.0,34.0,0.0,0.0,2.0,7.0,2.0,1.0,35.0,0.0,0.0,1.0,57.0,4.0,3.0,3.0,199.0,127.0,3.0,0.0,6.0,9.0,0.0,199.0,255.0,3.0,0.0,7.0,9.0,1.0,192.0,272.0,1.0,56.0,5.0,0.0,0.0,128.0,374.0,2.0,54.0,3.0,3.0,0.0,208.0,383.0,3.0,0.0,8.0,9.0,0.0,,,,,,,,,,,,,,,,,,,,,,,,,,,,,,,,,,,,,,,,,,,,,,,,,,,,,,,,,,,,,,,,,,,,,,,,,,,,,,,,,,,,,,,,,,,,,,,,,,,,,,,,,,,,,,,,,,,,,,,,,,,,,,,Clock Tower,6,14
164,08518CB0,0x8519ec4,0x8518c90,2,39,13,0.0,0.0,2.0,7.0,0.0,1.0,28.0,0.0,0.0,2.0,7.0,1.0,1.0,34.0,0.0,0.0,2.0,7.0,2.0,1.0,35.0,215.0,95.0,3.0,0.0,3.0,9.0,1.0,144.0,96.0,1.0,55.0,4.0,0.0,0.0,200.0,127.0,1.0,59.0,5.0,0.0,0.0,208.0,255.0,3.0,0.0,6.0,9.0,0.0,96.0,288.0,2.0,54.0,7.0,4.0,0.0,64.0,304.0,1.0,41.0,8.0,0.0,0.0,80.0,416.0,2.0,50.0,9.0,0.0,0.0,112.0,416.0,2.0,50.0,10.0,0.0,0.0,136.0,416.0,2.0,50.0,11.0,0.0,1.0,208.0,447.0,1.0,59.0,12.0,0.0,0.0,,,,,,,,,,,,,,,,,,,,,,,,,,,,,,,,,,,,,,,,,,,,,,,,,,,,,,,,,,,,,,,,,,,,,,,,,,,,,,,,,,,,,,,,,,,,,,,,,,,Clock Tower,6,15
165,08518D28,0x8510f84,0x8518d18,1,39,11,0.0,0.0,2.0,29.0,0.0,1.0,0.0,0.0,0.0,2.0,28.0,1.0,0.0,0.0,,,,,,,,,,,,,,,,,,,,,,,,,,,,,,,,,,,,,,,,,,,,,,,,,,,,,,,,,,,,,,,,,,,,,,,,,,,,,,,,,,,,,,,,,,,,,,,,,,,,,,,,,,,,,,,,,,,,,,,,,,,,,,,,,,,,,,,,,,,,,,,,,,,,,,,,,,,,,,,,,,,,,,,,,,,,,,,,Clock Tower,6,16
166,08518DA8,0x8510a44,0x8518d98,1,39,15,0.0,0.0,2.0,31.0,0.0,0.0,0.0,224.0,160.0,2.0,29.0,1.0,0.0,0.0,,,,,,,,,,,,,,,,,,,,,,,,,,,,,,,,,,,,,,,,,,,,,,,,,,,,,,,,,,,,,,,,,,,,,,,,,,,,,,,,,,,,,,,,,,,,,,,,,,,,,,,,,,,,,,,,,,,,,,,,,,,,,,,,,,,,,,,,,,,,,,,,,,,,,,,,,,,,,,,,,,,,,,,,,,,,,,,,Clock Tower,6,17
167,08518E38,0x8519f6c,0x8518e28,1,34,5,0.0,0.0,2.0,7.0,0.0,1.0,27.0,120.0,176.0,4.0,7.0,1.0,7.0,2.0,,,,,,,,,,,,,,,,,,,,,,,,,,,,,,,,,,,,,,,,,,,,,,,,,,,,,,,,,,,,,,,,,,,,,,,,,,,,,,,,,,,,,,,,,,,,,,,,,,,,,,,,,,,,,,,,,,,,,,,,,,,,,,,,,,,,,,,,,,,,,,,,,,,,,,,,,,,,,,,,,,,,,,,,,,,,,,,,Clock Tower,6,18
168,08518ED0,0x8519f90,0x8518eb0,2,35,6,0.0,0.0,2.0,7.0,0.0,1.0,26.0,0.0,0.0,2.0,7.0,1.0,1.0,27.0,80.0,159.0,3.0,0.0,3.0,14.0,1.0,320.0,191.0,1.0,60.0,2.0,0.0,0.0,432.0,159.0,3.0,0.0,4.0,14.0,1.0,,,,,,,,,,,,,,,,,,,,,,,,,,,,,,,,,,,,,,,,,,,,,,,,,,,,,,,,,,,,,,,,,,,,,,,,,,,,,,,,,,,,,,,,,,,,,,,,,,,,,,,,,,,,,,,,,,,,,,,,,,,,,,,,,,,,,,,,,,,,,,,,,,,,,,,,,,,Clock Tower,6,19
169,08518F78,0x8519fd8,0x8518f48,3,37,5,0.0,0.0,2.0,7.0,0.0,1.0,26.0,0.0,0.0,2.0,7.0,1.0,1.0,27.0,200.0,79.0,5.0,3.0,6.0,43.0,39.0,8.0,160.0,2.0,2.0,2.0,0.0,1.0,96.0,256.0,1.0,56.0,3.0,0.0,0.0,64.0,280.0,1.0,56.0,4.0,0.0,0.0,48.0,304.0,1.0,56.0,5.0,0.0,0.0,,,,,,,,,,,,,,,,,,,,,,,,,,,,,,,,,,,,,,,,,,,,,,,,,,,,,,,,,,,,,,,,,,,,,,,,,,,,,,,,,,,,,,,,,,,,,,,,,,,,,,,,,,,,,,,,,,,,,,,,,,,,,,,,,,,,,,,,,,,,,Clock Tower,6,20
170,08519030,0x851a038,0x8519000,3,35,7,0.0,0.0,2.0,7.0,0.0,1.0,36.0,80.0,159.0,1.0,59.0,1.0,0.0,0.0,144.0,159.0,1.0,59.0,2.0,0.0,0.0,,,,,,,,,,,,,,,,,,,,,,,,,,,,,,,,,,,,,,,,,,,,,,,,,,,,,,,,,,,,,,,,,,,,,,,,,,,,,,,,,,,,,,,,,,,,,,,,,,,,,,,,,,,,,,,,,,,,,,,,,,,,,,,,,,,,,,,,,,,,,,,,,,,,,,,,,,,,,,,,,,,,,,,,,Clock Tower,6,21
171,085190C8,0x851a068,0x85190a8,2,36,7,0.0,0.0,2.0,7.0,0.0,1.0,28.0,0.0,0.0,2.0,7.0,1.0,1.0,34.0,0.0,0.0,2.0,7.0,2.0,1.0,35.0,0.0,0.0,1.0,57.0,7.0,1.0,3.0,0.0,0.0,1.0,57.0,8.0,3.0,2.0,215.0,95.0,3.0,0.0,11.0,9.0,1.0,200.0,127.0,1.0,59.0,9.0,0.0,0.0,199.0,255.0,3.0,0.0,12.0,9.0,0.0,96.0,288.0,2.0,54.0,6.0,6.0,0.0,80.0,416.0,2.0,50.0,3.0,0.0,0.0,112.0,416.0,2.0,50.0,4.0,0.0,0.0,136.0,416.0,2.0,50.0,5.0,0.0,1.0,208.0,440.0,4.0,1.0,13.0,151.0,6.0,192.0,447.0,1.0,59.0,10.0,0.0,0.0,,,,,,,,,,,,,,,,,,,,,,,,,,,,,,,,,,,,,,,,,,,,,,,,,,,,,,,,,,,,,,,,,,,,,,,,,,,,,,,,,,,,,,,,,,,,Clock Tower,6,22
172,08519160,0x851a11c,0x8519140,2,37,7,0.0,0.0,2.0,7.0,0.0,1.0,28.0,0.0,0.0,2.0,7.0,1.0,1.0,34.0,0.0,0.0,2.0,7.0,2.0,1.0,35.0,40.0,144.0,3.0,0.0,4.0,9.0,0.0,199.0,248.0,3.0,0.0,5.0,9.0,0.0,104.0,288.0,2.0,54.0,3.0,0.0,0.0,40.0,376.0,3.0,0.0,6.0,9.0,0.0,199.0,408.0,3.0,0.0,7.0,9.0,0.0,,,,,,,,,,,,,,,,,,,,,,,,,,,,,,,,,,,,,,,,,,,,,,,,,,,,,,,,,,,,,,,,,,,,,,,,,,,,,,,,,,,,,,,,,,,,,,,,,,,,,,,,,,,,,,,,,,,,,,,,,,,,,,,,,,,,,,Clock Tower,6,23
173,085191F8,0x851a188,0x85191d8,2,35,8,0.0,0.0,2.0,7.0,0.0,1.0,28.0,0.0,0.0,2.0,7.0,1.0,1.0,34.0,0.0,0.0,2.0,7.0,2.0,1.0,35.0,0.0,0.0,1.0,57.0,5.0,3.0,2.0,80.0,120.0,1.0,55.0,6.0,0.0,0.0,208.0,127.0,3.0,0.0,8.0,9.0,0.0,48.0,232.0,2.0,42.0,3.0,160.0,3.0,208.0,312.0,5.0,4.0,10.0,60.0,19.0,144.0,320.0,2.0,41.0,4.0,416.0,3.0,48.0,400.0,1.0,41.0,7.0,0.0,0.0,40.0,415.0,3.0,0.0,9.0,9.0,1.0,,,,,,,,,,,,,,,,,,,,,,,,,,,,,,,,,,,,,,,,,,,,,,,,,,,,,,,,,,,,,,,,,,,,,,,,,,,,,,,,,,,,,,,,,,,,,,,,,,,,,,,,,,,,,,,,,Clock Tower,6,24
174,08519290,0x851a218,0x8519270,2,36,9,0.0,0.0,2.0,7.0,0.0,1.0,28.0,0.0,0.0,2.0,7.0,1.0,1.0,34.0,0.0,0.0,2.0,7.0,2.0,1.0,35.0,208.0,95.0,3.0,0.0,3.0,9.0,1.0,160.0,120.0,1.0,56.0,4.0,0.0,0.0,200.0,127.0,1.0,59.0,5.0,0.0,0.0,183.0,255.0,3.0,0.0,6.0,9.0,0.0,196.0,287.0,1.0,59.0,7.0,0.0,0.0,208.0,288.0,2.0,50.0,8.0,0.0,0.0,208.0,320.0,2.0,50.0,9.0,0.0,0.0,160.0,328.0,1.0,56.0,10.0,0.0,0.0,208.0,352.0,2.0,50.0,11.0,0.0,0.0,40.0,383.0,3.0,0.0,12.0,9.0,0.0,208.0,383.0,3.0,0.0,13.0,9.0,0.0,80.0,416.0,2.0,50.0,14.0,0.0,0.0,112.0,416.0,2.0,50.0,15.0,0.0,0.0,136.0,416.0,2.0,50.0,16.0,0.0,1.0,,,,,,,,,,,,,,,,,,,,,,,,,,,,,,,,,,,,,,,,,,,,,,,,,,,,,,,,,,,,,,,,,,,,,,,Clock Tower,6,25
175,08519328,0x851a2f0,0x8519308,2,37,9,0.0,0.0,2.0,7.0,0.0,1.0,28.0,0.0,0.0,2.0,7.0,1.0,1.0,34.0,0.0,0.0,2.0,7.0,2.0,1.0,35.0,40.0,96.0,3.0,0.0,6.0,9.0,0.0,200.0,144.0,3.0,0.0,7.0,9.0,0.0,208.0,255.0,1.0,59.0,4.0,0.0,0.0,40.0,272.0,3.0,0.0,8.0,9.0,0.0,40.0,368.0,3.0,0.0,9.0,9.0,0.0,128.0,374.0,2.0,54.0,3.0,1.0,0.0,208.0,383.0,3.0,0.0,10.0,9.0,0.0,128.0,440.0,1.0,53.0,5.0,0.0,0.0,,,,,,,,,,,,,,,,,,,,,,,,,,,,,,,,,,,,,,,,,,,,,,,,,,,,,,,,,,,,,,,,,,,,,,,,,,,,,,,,,,,,,,,,,,,,,,,,,,,,,,,,,,,,,,,,,Clock Tower,6,26
176,085193D0,0x851a380,0x85193b0,2,35,10,0.0,0.0,2.0,7.0,0.0,1.0,36.0,119.0,159.0,1.0,58.0,1.0,6.0,0.0,120.0,159.0,2.0,14.0,2.0,14.0,1.0,,,,,,,,,,,,,,,,,,,,,,,,,,,,,,,,,,,,,,,,,,,,,,,,,,,,,,,,,,,,,,,,,,,,,,,,,,,,,,,,,,,,,,,,,,,,,,,,,,,,,,,,,,,,,,,,,,,,,,,,,,,,,,,,,,,,,,,,,,,,,,,,,,,,,,,,,,,,,,,,,,,,,,,,,Clock Tower,6,27
177,08519460,0x851a3b0,0x8519450,1,33,11,0.0,0.0,2.0,7.0,0.0,1.0,27.0,56.0,127.0,1.0,59.0,2.0,0.0,0.0,120.0,120.0,4.0,3.0,1.0,30.0,10.0,104.0,159.0,1.0,59.0,3.0,0.0,0.0,,,,,,,,,,,,,,,,,,,,,,,,,,,,,,,,,,,,,,,,,,,,,,,,,,,,,,,,,,,,,,,,,,,,,,,,,,,,,,,,,,,,,,,,,,,,,,,,,,,,,,,,,,,,,,,,,,,,,,,,,,,,,,,,,,,,,,,,,,,,,,,,,,,,,,,,,,,,,,,,,,Clock Tower,6,28
178,08519508,0x851a3ec,0x85194e8,2,35,11,0.0,0.0,2.0,7.0,0.0,1.0,36.0,120.0,159.0,1.0,58.0,1.0,6.0,0.0,,,,,,,,,,,,,,,,,,,,,,,,,,,,,,,,,,,,,,,,,,,,,,,,,,,,,,,,,,,,,,,,,,,,,,,,,,,,,,,,,,,,,,,,,,,,,,,,,,,,,,,,,,,,,,,,,,,,,,,,,,,,,,,,,,,,,,,,,,,,,,,,,,,,,,,,,,,,,,,,,,,,,,,,,,,,,,,,Clock Tower,6,29
179,085195C0,0x851a410,0x8519590,3,36,11,0.0,0.0,2.0,7.0,0.0,1.0,36.0,56.0,152.0,2.0,14.0,1.0,14.0,0.0,112.0,160.0,2.0,50.0,2.0,0.0,0.0,184.0,152.0,2.0,14.0,3.0,14.0,0.0,,,,,,,,,,,,,,,,,,,,,,,,,,,,,,,,,,,,,,,,,,,,,,,,,,,,,,,,,,,,,,,,,,,,,,,,,,,,,,,,,,,,,,,,,,,,,,,,,,,,,,,,,,,,,,,,,,,,,,,,,,,,,,,,,,,,,,,,,,,,,,,,,,,,,,,,,,,,,,,,,,Clock Tower,6,30
180,08519668,0x851a44c,0x8519648,2,37,11,0.0,0.0,2.0,32.0,0.0,8.0,0.0,0.0,0.0,2.0,7.0,1.0,1.0,36.0,120.0,159.0,2.0,11.0,2.0,52.0,37.0,,,,,,,,,,,,,,,,,,,,,,,,,,,,,,,,,,,,,,,,,,,,,,,,,,,,,,,,,,,,,,,,,,,,,,,,,,,,,,,,,,,,,,,,,,,,,,,,,,,,,,,,,,,,,,,,,,,,,,,,,,,,,,,,,,,,,,,,,,,,,,,,,,,,,,,,,,,,,,,,,,,,,,,,,Clock Tower,6,31
181,085196E0,0x8510f84,0x85196d0,1,38,5,0.0,0.0,2.0,29.0,0.0,1.0,0.0,0.0,0.0,2.0,28.0,1.0,0.0,0.0,,,,,,,,,,,,,,,,,,,,,,,,,,,,,,,,,,,,,,,,,,,,,,,,,,,,,,,,,,,,,,,,,,,,,,,,,,,,,,,,,,,,,,,,,,,,,,,,,,,,,,,,,,,,,,,,,,,,,,,,,,,,,,,,,,,,,,,,,,,,,,,,,,,,,,,,,,,,,,,,,,,,,,,,,,,,,,,,Clock Tower,6,32
182,08519770,0x851a47c,0x8519760,1,39,12,0.0,0.0,2.0,7.0,0.0,1.0,27.0,112.0,175.0,1.0,59.0,1.0,0.0,0.0,160.0,159.0,1.0,59.0,2.0,0.0,0.0,192.0,95.0,3.0,0.0,3.0,8.0,1.0,,,,,,,,,,,,,,,,,,,,,,,,,,,,,,,,,,,,,,,,,,,,,,,,,,,,,,,,,,,,,,,,,,,,,,,,,,,,,,,,,,,,,,,,,,,,,,,,,,,,,,,,,,,,,,,,,,,,,,,,,,,,,,,,,,,,,,,,,,,,,,,,,,,,,,,,,,,,,,,,,,Clock Tower,6,33
183,08519818,0x851a4b8,0x85197f8,2,37,15,0.0,0.0,2.0,7.0,0.0,1.0,36.0,8.0,160.0,2.0,0.0,1.0,0.0,0.0,68.0,151.0,1.0,63.0,2.0,0.0,0.0,96.0,152.0,1.0,63.0,3.0,0.0,0.0,152.0,150.0,1.0,63.0,4.0,0.0,0.0,166.0,151.0,1.0,63.0,5.0,0.0,0.0,,,,,,,,,,,,,,,,,,,,,,,,,,,,,,,,,,,,,,,,,,,,,,,,,,,,,,,,,,,,,,,,,,,,,,,,,,,,,,,,,,,,,,,,,,,,,,,,,,,,,,,,,,,,,,,,,,,,,,,,,,,,,,,,,,,,,,,,,,,,,,,,,,,,Clock Tower,6,34
184,085198A0,0x851a50c,0x8519880,2,40,7,,,,,,,,,,,,,,,,,,,,,,,,,,,,,,,,,,,,,,,,,,,,,,,,,,,,,,,,,,,,,,,,,,,,,,,,,,,,,,,,,,,,,,,,,,,,,,,,,,,,,,,,,,,,,,,,,,,,,,,,,,,,,,,,,,,,,,,,,,,,,,,,,,,,,,,,,,,,,,,,,,,,,,,,,,,,,,,,,,,,,,,,,,,,,,Clock Tower,6,35
185,0851A584,0x851cb90,0x851a564,2,5,22,0.0,0.0,2.0,7.0,0.0,1.0,8.0,232.0,160.0,2.0,0.0,1.0,0.0,0.0,96.0,192.0,1.0,16.0,2.0,0.0,0.0,112.0,288.0,1.0,0.0,3.0,0.0,0.0,128.0,288.0,1.0,0.0,4.0,0.0,0.0,144.0,288.0,1.0,0.0,5.0,0.0,0.0,128.0,336.0,1.0,2.0,6.0,0.0,0.0,112.0,416.0,1.0,0.0,7.0,0.0,0.0,64.0,440.0,4.0,4.0,8.0,66.0,28.0,,,,,,,,,,,,,,,,,,,,,,,,,,,,,,,,,,,,,,,,,,,,,,,,,,,,,,,,,,,,,,,,,,,,,,,,,,,,,,,,,,,,,,,,,,,,,,,,,,,,,,,,,,,,,,,,,,,,,,,,,,,,,,,Underground Reservoir,7,1
186,0851A624,0x851cc08,0x851a5f4,3,6,23,0.0,0.0,2.0,7.0,0.0,1.0,7.0,0.0,0.0,2.0,7.0,1.0,1.0,8.0,240.0,96.0,2.0,15.0,2.0,0.0,0.0,384.0,144.0,2.0,20.0,3.0,2.0,0.0,432.0,96.0,2.0,15.0,4.0,0.0,0.0,512.0,168.0,1.0,7.0,5.0,0.0,0.0,624.0,96.0,2.0,15.0,6.0,0.0,0.0,768.0,144.0,2.0,20.0,7.0,2.0,0.0,816.0,96.0,2.0,15.0,8.0,0.0,1.0,1008.0,96.0,2.0,15.0,9.0,1.0,1.0,1024.0,168.0,1.0,7.0,10.0,0.0,0.0,1056.0,144.0,2.0,20.0,11.0,2.0,0.0,1184.0,168.0,1.0,7.0,12.0,0.0,0.0,1200.0,96.0,2.0,15.0,13.0,0.0,1.0,1296.0,144.0,2.0,20.0,14.0,2.0,0.0,1392.0,96.0,2.0,15.0,15.0,0.0,0.0,1408.0,168.0,1.0,7.0,16.0,0.0,0.0,1584.0,96.0,2.0,15.0,17.0,0.0,0.0,1600.0,144.0,2.0,20.0,18.0,2.0,0.0,1776.0,96.0,2.0,15.0,19.0,0.0,0.0,1792.0,168.0,1.0,7.0,20.0,0.0,0.0,1872.0,96.0,2.0,15.0,21.0,0.0,0.0,1968.0,96.0,2.0,15.0,22.0,0.0,0.0,2160.0,96.0,2.0,15.0,23.0,0.0,0.0,2208.0,144.0,2.0,20.0,24.0,2.0,0.0,2384.0,120.0,4.0,2.0,25.0,130.0,4.0,,,,,,,,Underground Reservoir,7,2
187,0851A6A4,0x851cd4c,0x851a694,1,12,22,0.0,0.0,2.0,7.0,0.0,1.0,8.0,48.0,152.0,4.0,4.0,1.0,59.0,18.0,96.0,176.0,1.0,3.0,2.0,0.0,0.0,128.0,176.0,1.0,3.0,3.0,0.0,0.0,144.0,128.0,2.0,15.0,4.0,0.0,0.0,160.0,176.0,1.0,3.0,5.0,0.0,0.0,192.0,176.0,1.0,3.0,6.0,0.0,0.0,224.0,176.0,1.0,3.0,7.0,0.0,0.0,256.0,176.0,1.0,3.0,8.0,0.0,0.0,288.0,176.0,1.0,3.0,9.0,0.0,0.0,320.0,176.0,1.0,3.0,10.0,0.0,0.0,,,,,,,,,,,,,,,,,,,,,,,,,,,,,,,,,,,,,,,,,,,,,,,,,,,,,,,,,,,,,,,,,,,,,,,,,,,,,,,,,,,,,,,,,,,,,,,,,,,,,,,,,,,,,,,,,Underground Reservoir,7,3
188,0851A724,0x851cddc,0x851a714,1,14,25,16.0,128.0,2.0,7.0,0.0,1.0,7.0,16.0,128.0,2.0,7.0,1.0,1.0,8.0,80.0,160.0,1.0,63.0,2.0,1.0,0.0,112.0,88.0,4.0,3.0,3.0,27.0,11.0,112.0,184.0,1.0,63.0,4.0,1.0,0.0,144.0,160.0,1.0,63.0,5.0,1.0,0.0,168.0,144.0,1.0,63.0,6.0,1.0,0.0,,,,,,,,,,,,,,,,,,,,,,,,,,,,,,,,,,,,,,,,,,,,,,,,,,,,,,,,,,,,,,,,,,,,,,,,,,,,,,,,,,,,,,,,,,,,,,,,,,,,,,,,,,,,,,,,,,,,,,,,,,,,,,,,,,,,,,,,,,,,,Underground Reservoir,7,4
189,0851A7EC,0x851ce3c,0x851a7bc,3,14,31,0.0,0.0,2.0,7.0,0.0,1.0,10.0,0.0,0.0,2.0,7.0,1.0,1.0,12.0,0.0,0.0,2.0,7.0,2.0,1.0,14.0,8.0,160.0,2.0,0.0,3.0,0.0,0.0,144.0,304.0,1.0,65.0,4.0,6.0,0.0,80.0,344.0,1.0,63.0,5.0,0.0,0.0,48.0,376.0,1.0,63.0,6.0,0.0,0.0,96.0,392.0,1.0,63.0,7.0,0.0,0.0,120.0,400.0,1.0,63.0,8.0,0.0,0.0,146.0,400.0,1.0,63.0,9.0,0.0,0.0,160.0,374.0,1.0,63.0,10.0,0.0,0.0,179.0,388.0,1.0,63.0,11.0,0.0,0.0,,,,,,,,,,,,,,,,,,,,,,,,,,,,,,,,,,,,,,,,,,,,,,,,,,,,,,,,,,,,,,,,,,,,,,,,,,,,,,,,,,,,,,,,,,,,,,,,,,,,,,,,,,Underground Reservoir,7,5
190,0851A88C,0x851ced8,0x851a85c,3,15,24,0.0,0.0,2.0,7.0,0.0,1.0,7.0,0.0,0.0,2.0,7.0,1.0,1.0,8.0,112.0,384.0,1.0,64.0,2.0,0.0,0.0,304.0,128.0,1.0,63.0,3.0,1.0,0.0,304.0,256.0,1.0,63.0,4.0,1.0,0.0,304.0,384.0,1.0,63.0,5.0,1.0,0.0,336.0,192.0,1.0,63.0,6.0,1.0,0.0,336.0,320.0,1.0,63.0,7.0,1.0,0.0,336.0,704.0,1.0,63.0,8.0,1.0,0.0,400.0,192.0,1.0,63.0,9.0,1.0,0.0,400.0,320.0,1.0,63.0,10.0,1.0,0.0,432.0,256.0,1.0,63.0,11.0,1.0,0.0,,,,,,,,,,,,,,,,,,,,,,,,,,,,,,,,,,,,,,,,,,,,,,,,,,,,,,,,,,,,,,,,,,,,,,,,,,,,,,,,,,,,,,,,,,,,,,,,,,,,,,,,,,Underground Reservoir,7,6
191,0851A934,0x851cf74,0x851a924,1,16,28,0.0,0.0,2.0,7.0,0.0,1.0,10.0,0.0,0.0,2.0,7.0,1.0,1.0,11.0,0.0,0.0,2.0,7.0,2.0,1.0,12.0,136.0,136.0,1.0,62.0,3.0,0.0,0.0,,,,,,,,,,,,,,,,,,,,,,,,,,,,,,,,,,,,,,,,,,,,,,,,,,,,,,,,,,,,,,,,,,,,,,,,,,,,,,,,,,,,,,,,,,,,,,,,,,,,,,,,,,,,,,,,,,,,,,,,,,,,,,,,,,,,,,,,,,,,,,,,,,,,,,,,,,,,,,,,,,Underground Reservoir,7,7
192,0851A9EC,0x851cfb0,0x851a9cc,2,15,31,0.0,0.0,2.0,32.0,0.0,9.0,0.0,0.0,0.0,2.0,7.0,1.0,1.0,10.0,0.0,0.0,2.0,7.0,2.0,1.0,11.0,0.0,0.0,2.0,7.0,3.0,1.0,12.0,,,,,,,,,,,,,,,,,,,,,,,,,,,,,,,,,,,,,,,,,,,,,,,,,,,,,,,,,,,,,,,,,,,,,,,,,,,,,,,,,,,,,,,,,,,,,,,,,,,,,,,,,,,,,,,,,,,,,,,,,,,,,,,,,,,,,,,,,,,,,,,,,,,,,,,,,,,,,,,,,,Underground Reservoir,7,8
193,0851AA94,0x851cfec,0x851aa84,1,15,32,0.0,0.0,2.0,7.0,0.0,1.0,10.0,0.0,0.0,2.0,7.0,1.0,1.0,12.0,0.0,0.0,2.0,7.0,2.0,1.0,14.0,208.0,88.0,4.0,2.0,3.0,107.0,6.0,,,,,,,,,,,,,,,,,,,,,,,,,,,,,,,,,,,,,,,,,,,,,,,,,,,,,,,,,,,,,,,,,,,,,,,,,,,,,,,,,,,,,,,,,,,,,,,,,,,,,,,,,,,,,,,,,,,,,,,,,,,,,,,,,,,,,,,,,,,,,,,,,,,,,,,,,,,,,,,,,,Underground Reservoir,7,9
194,0851AB3C,0x851d028,0x851ab2c,1,15,34,0.0,0.0,2.0,7.0,0.0,1.0,10.0,0.0,0.0,2.0,7.0,1.0,1.0,12.0,0.0,0.0,2.0,7.0,2.0,1.0,14.0,48.0,120.0,4.0,2.0,3.0,134.0,18.0,,,,,,,,,,,,,,,,,,,,,,,,,,,,,,,,,,,,,,,,,,,,,,,,,,,,,,,,,,,,,,,,,,,,,,,,,,,,,,,,,,,,,,,,,,,,,,,,,,,,,,,,,,,,,,,,,,,,,,,,,,,,,,,,,,,,,,,,,,,,,,,,,,,,,,,,,,,,,,,,,,Underground Reservoir,7,10
195,0851AC14,0x851d064,0x851abd4,4,16,31,0.0,0.0,2.0,7.0,0.0,1.0,10.0,0.0,0.0,2.0,7.0,1.0,1.0,11.0,0.0,0.0,2.0,7.0,2.0,1.0,12.0,184.0,224.0,1.0,0.0,3.0,0.0,0.0,200.0,240.0,1.0,0.0,4.0,0.0,0.0,112.0,256.0,1.0,76.0,5.0,0.0,0.0,48.0,416.0,1.0,87.0,6.0,0.0,0.0,112.0,624.0,1.0,76.0,7.0,0.0,0.0,48.0,672.0,1.0,87.0,8.0,0.0,0.0,16.0,904.0,2.0,8.0,9.0,17.0,40.0,,,,,,,,,,,,,,,,,,,,,,,,,,,,,,,,,,,,,,,,,,,,,,,,,,,,,,,,,,,,,,,,,,,,,,,,,,,,,,,,,,,,,,,,,,,,,,,,,,,,,,,,,,,,,,,,,,,,,,,,Underground Reservoir,7,11
196,0851AD0C,0x851d0e8,0x851acac,6,17,24,0.0,0.0,2.0,7.0,0.0,1.0,10.0,0.0,0.0,2.0,7.0,1.0,1.0,11.0,0.0,0.0,2.0,7.0,2.0,1.0,12.0,184.0,224.0,1.0,0.0,3.0,0.0,0.0,200.0,240.0,1.0,0.0,4.0,0.0,0.0,64.0,384.0,1.0,73.0,5.0,0.0,0.0,48.0,640.0,1.0,76.0,6.0,0.0,0.0,64.0,896.0,1.0,73.0,7.0,0.0,0.0,160.0,1088.0,1.0,73.0,8.0,0.0,0.0,192.0,1152.0,1.0,76.0,9.0,0.0,0.0,152.0,1232.0,1.0,0.0,10.0,0.0,0.0,160.0,1232.0,1.0,0.0,11.0,0.0,0.0,168.0,1232.0,1.0,0.0,12.0,0.0,0.0,80.0,1296.0,1.0,76.0,13.0,0.0,0.0,64.0,1408.0,1.0,73.0,14.0,0.0,0.0,,,,,,,,,,,,,,,,,,,,,,,,,,,,,,,,,,,,,,,,,,,,,,,,,,,,,,,,,,,,,,,,,,,,,,,,,,,,,,,,,,,,,Underground Reservoir,7,12
197,0851ADD4,0x851d1a8,0x851ada4,3,17,31,0.0,0.0,2.0,7.0,0.0,1.0,10.0,0.0,0.0,2.0,7.0,1.0,1.0,12.0,0.0,0.0,2.0,7.0,2.0,1.0,14.0,0.0,160.0,1.0,81.0,3.0,0.0,0.0,256.0,160.0,1.0,67.0,4.0,0.0,0.0,496.0,72.0,4.0,2.0,5.0,118.0,7.0,512.0,120.0,3.0,0.0,6.0,13.0,0.0,688.0,144.0,1.0,67.0,7.0,0.0,0.0,816.0,128.0,1.0,71.0,8.0,0.0,0.0,1120.0,144.0,1.0,67.0,9.0,0.0,0.0,1280.0,120.0,3.0,1.0,10.0,13.0,3.0,1376.0,144.0,1.0,51.0,11.0,0.0,0.0,1536.0,120.0,3.0,0.0,12.0,13.0,0.0,1680.0,160.0,1.0,67.0,13.0,0.0,0.0,1792.0,144.0,3.0,0.0,14.0,13.0,0.0,1904.0,160.0,1.0,51.0,15.0,0.0,0.0,,,,,,,,,,,,,,,,,,,,,,,,,,,,,,,,,,,,,,,,,,,,,,,,,,,,,,,,,,,,,,,,,,,,,,,,,,,,,,Underground Reservoir,7,13
198,0851AE84,0x851d274,0x851ae64,2,17,34,0.0,0.0,2.0,7.0,0.0,1.0,10.0,0.0,0.0,2.0,7.0,1.0,1.0,23.0,176.0,144.0,1.0,75.0,2.0,0.0,0.0,256.0,160.0,1.0,78.0,3.0,0.0,0.0,384.0,160.0,1.0,104.0,4.0,0.0,0.0,,,,,,,,,,,,,,,,,,,,,,,,,,,,,,,,,,,,,,,,,,,,,,,,,,,,,,,,,,,,,,,,,,,,,,,,,,,,,,,,,,,,,,,,,,,,,,,,,,,,,,,,,,,,,,,,,,,,,,,,,,,,,,,,,,,,,,,,,,,,,,,,,,,,,,,,,,,Underground Reservoir,7,14
199,0851AF14,0x851d2bc,0x851aef4,2,18,24,0.0,0.0,2.0,7.0,0.0,1.0,7.0,0.0,0.0,2.0,7.0,1.0,1.0,8.0,144.0,96.0,2.0,15.0,2.0,0.0,0.0,160.0,432.0,1.0,67.0,3.0,0.0,0.0,240.0,96.0,2.0,15.0,4.0,0.0,0.0,272.0,256.0,2.0,15.0,5.0,0.0,1.0,288.0,432.0,1.0,65.0,6.0,6.0,0.0,336.0,96.0,2.0,15.0,7.0,0.0,0.0,336.0,176.0,1.0,82.0,8.0,0.0,0.0,480.0,440.0,4.0,2.0,9.0,111.0,2.0,560.0,144.0,1.0,82.0,10.0,0.0,0.0,656.0,96.0,2.0,15.0,11.0,0.0,0.0,864.0,400.0,1.0,67.0,12.0,0.0,0.0,896.0,176.0,1.0,82.0,13.0,0.0,0.0,928.0,400.0,1.0,65.0,14.0,3.0,0.0,976.0,96.0,2.0,15.0,15.0,0.0,0.0,992.0,400.0,1.0,67.0,16.0,0.0,0.0,1024.0,176.0,1.0,82.0,17.0,0.0,0.0,1056.0,400.0,1.0,65.0,18.0,3.0,0.0,1136.0,96.0,2.0,15.0,19.0,0.0,0.0,1232.0,160.0,2.0,15.0,20.0,0.0,0.0,1232.0,256.0,2.0,15.0,21.0,0.0,0.0,,,,,,,,,,,,,,,,,,,,,,,,,,,,,,,,,,,,Underground Reservoir,7,15
200,0851AFBC,0x851d3d0,0x851afac,1,32,27,0.0,0.0,2.0,7.0,0.0,1.0,10.0,0.0,0.0,2.0,7.0,1.0,1.0,11.0,0.0,0.0,2.0,7.0,2.0,1.0,12.0,120.0,176.0,1.0,80.0,3.0,0.0,0.0,192.0,152.0,4.0,2.0,4.0,110.0,2.0,,,,,,,,,,,,,,,,,,,,,,,,,,,,,,,,,,,,,,,,,,,,,,,,,,,,,,,,,,,,,,,,,,,,,,,,,,,,,,,,,,,,,,,,,,,,,,,,,,,,,,,,,,,,,,,,,,,,,,,,,,,,,,,,,,,,,,,,,,,,,,,,,,,,,,,,,,,Underground Reservoir,7,16
201,0851B05C,0x851d418,0x851b03c,2,19,34,0.0,0.0,2.0,7.0,0.0,1.0,23.0,0.0,0.0,2.0,37.0,1.0,1.0,1.0,112.0,144.0,3.0,0.0,2.0,11.0,0.0,240.0,144.0,3.0,0.0,3.0,11.0,0.0,256.0,160.0,2.0,10.0,4.0,77.0,5.0,368.0,144.0,3.0,0.0,5.0,11.0,0.0,512.0,152.0,2.0,14.0,6.0,4.0,1.0,592.0,144.0,3.0,0.0,7.0,11.0,0.0,768.0,160.0,2.0,10.0,8.0,74.0,5.0,768.0,160.0,1.0,78.0,9.0,0.0,0.0,896.0,160.0,2.0,10.0,10.0,74.0,5.0,944.0,144.0,3.0,0.0,11.0,11.0,0.0,,,,,,,,,,,,,,,,,,,,,,,,,,,,,,,,,,,,,,,,,,,,,,,,,,,,,,,,,,,,,,,,,,,,,,,,,,,,,,,,,,,,,,,,,,,,,,,,,,,,,,,,,,Underground Reservoir,7,17
202,0851B0FC,0x851d4b4,0x851b0cc,3,23,22,0.0,0.0,2.0,7.0,0.0,1.0,9.0,0.0,0.0,2.0,7.0,1.0,1.0,8.0,0.0,0.0,2.0,12.0,2.0,1.0,0.0,8.0,160.0,2.0,0.0,3.0,0.0,0.0,144.0,352.0,2.0,15.0,4.0,0.0,0.0,144.0,608.0,2.0,15.0,5.0,0.0,0.0,160.0,432.0,1.0,65.0,6.0,2.0,0.0,208.0,688.0,1.0,65.0,7.0,2.0,0.0,256.0,400.0,2.0,20.0,8.0,0.0,0.0,272.0,88.0,2.0,15.0,9.0,0.0,0.0,320.0,144.0,2.0,20.0,10.0,0.0,0.0,496.0,344.0,2.0,15.0,11.0,0.0,0.0,560.0,184.0,2.0,15.0,12.0,0.0,0.0,640.0,688.0,1.0,65.0,13.0,2.0,0.0,640.0,208.0,1.0,49.0,14.0,0.0,0.0,672.0,120.0,4.0,3.0,15.0,25.0,8.0,720.0,184.0,2.0,15.0,16.0,1.0,4.0,816.0,352.0,2.0,15.0,17.0,0.0,0.0,896.0,640.0,1.0,49.0,18.0,0.0,0.0,944.0,384.0,1.0,49.0,19.0,0.0,0.0,976.0,352.0,2.0,15.0,20.0,0.0,0.0,1136.0,88.0,2.0,15.0,21.0,0.0,0.0,1136.0,352.0,2.0,15.0,22.0,0.0,0.0,1136.0,512.0,2.0,15.0,23.0,0.0,1.0,1232.0,416.0,2.0,15.0,24.0,0.0,0.0,,,,,,,,,,,,,,,Underground Reservoir,7,18
203,0851B19C,0x851d5ec,0x851b16c,3,23,25,0.0,0.0,2.0,7.0,0.0,1.0,9.0,0.0,0.0,2.0,7.0,1.0,1.0,8.0,68.0,128.0,1.0,63.0,2.0,1.0,0.0,80.0,153.0,1.0,63.0,3.0,1.0,0.0,104.0,168.0,1.0,63.0,4.0,1.0,0.0,114.0,132.0,1.0,63.0,5.0,1.0,0.0,128.0,168.0,1.0,63.0,6.0,1.0,0.0,148.0,135.0,1.0,63.0,7.0,1.0,0.0,160.0,179.0,1.0,63.0,8.0,1.0,0.0,182.0,144.0,1.0,63.0,9.0,1.0,0.0,195.0,162.0,1.0,63.0,10.0,1.0,0.0,208.0,124.0,1.0,63.0,11.0,1.0,0.0,,,,,,,,,,,,,,,,,,,,,,,,,,,,,,,,,,,,,,,,,,,,,,,,,,,,,,,,,,,,,,,,,,,,,,,,,,,,,,,,,,,,,,,,,,,,,,,,,,,,,,,,,,Underground Reservoir,7,19
204,0851B294,0x851d688,0x851b244,5,25,29,0.0,0.0,2.0,7.0,0.0,1.0,15.0,0.0,0.0,2.0,7.0,1.0,1.0,16.0,0.0,0.0,2.0,7.0,2.0,1.0,17.0,0.0,0.0,2.0,7.0,3.0,1.0,18.0,0.0,0.0,1.0,57.0,4.0,2.0,3.0,256.0,224.0,2.0,41.0,5.0,400.0,2.0,416.0,248.0,1.0,3.0,6.0,0.0,0.0,112.0,280.0,1.0,3.0,7.0,0.0,0.0,76.0,464.0,2.0,42.0,8.0,436.0,2.0,256.0,528.0,1.0,72.0,9.0,0.0,0.0,420.0,544.0,2.0,41.0,10.0,656.0,2.0,256.0,680.0,1.0,3.0,11.0,0.0,0.0,128.0,696.0,1.0,3.0,12.0,0.0,0.0,384.0,696.0,1.0,3.0,13.0,0.0,0.0,,,,,,,,,,,,,,,,,,,,,,,,,,,,,,,,,,,,,,,,,,,,,,,,,,,,,,,,,,,,,,,,,,,,,,,,,,,,,,,,,,,,,,,,,,,,Underground Reservoir,7,20
205,0851B34C,0x851d73c,0x851b32c,2,27,29,0.0,0.0,2.0,7.0,0.0,1.0,10.0,0.0,0.0,2.0,7.0,1.0,1.0,12.0,0.0,0.0,2.0,7.0,2.0,1.0,14.0,192.0,128.0,1.0,76.0,3.0,0.0,0.0,320.0,144.0,1.0,70.0,4.0,0.0,0.0,400.0,160.0,1.0,70.0,5.0,0.0,0.0,496.0,144.0,1.0,71.0,6.0,0.0,0.0,512.0,144.0,3.0,0.0,7.0,13.0,0.0,608.0,176.0,1.0,70.0,8.0,0.0,0.0,,,,,,,,,,,,,,,,,,,,,,,,,,,,,,,,,,,,,,,,,,,,,,,,,,,,,,,,,,,,,,,,,,,,,,,,,,,,,,,,,,,,,,,,,,,,,,,,,,,,,,,,,,,,,,,,,,,,,,,,,,,,,,,Underground Reservoir,7,21
206,0851B3F4,0x851d7b4,0x851b3e4,1,27,31,0.0,0.0,2.0,7.0,0.0,1.0,10.0,0.0,0.0,2.0,7.0,1.0,1.0,12.0,0.0,0.0,2.0,7.0,2.0,1.0,14.0,208.0,168.0,1.0,3.0,3.0,0.0,0.0,240.0,168.0,1.0,3.0,4.0,0.0,0.0,400.0,144.0,1.0,64.0,5.0,0.0,0.0,688.0,152.0,4.0,4.0,6.0,61.0,22.0,,,,,,,,,,,,,,,,,,,,,,,,,,,,,,,,,,,,,,,,,,,,,,,,,,,,,,,,,,,,,,,,,,,,,,,,,,,,,,,,,,,,,,,,,,,,,,,,,,,,,,,,,,,,,,,,,,,,,,,,,,,,,,,,,,,,,,,,,,,,,Underground Reservoir,7,22
207,0851B494,0x851d814,0x851b484,1,33,34,0.0,0.0,2.0,7.0,0.0,1.0,23.0,192.0,136.0,4.0,8.0,1.0,9.0,6.0,,,,,,,,,,,,,,,,,,,,,,,,,,,,,,,,,,,,,,,,,,,,,,,,,,,,,,,,,,,,,,,,,,,,,,,,,,,,,,,,,,,,,,,,,,,,,,,,,,,,,,,,,,,,,,,,,,,,,,,,,,,,,,,,,,,,,,,,,,,,,,,,,,,,,,,,,,,,,,,,,,,,,,,,,,,,,,,,Underground Reservoir,7,23
208,0851B524,0x851d838,0x851b504,2,28,22,0.0,0.0,2.0,7.0,0.0,1.0,7.0,0.0,0.0,2.0,7.0,1.0,1.0,8.0,48.0,88.0,2.0,15.0,2.0,0.0,0.0,144.0,88.0,2.0,15.0,3.0,0.0,0.0,192.0,176.0,1.0,66.0,4.0,0.0,0.0,256.0,176.0,1.0,80.0,5.0,0.0,0.0,320.0,176.0,1.0,66.0,6.0,1.0,0.0,368.0,88.0,2.0,15.0,7.0,0.0,0.0,464.0,88.0,2.0,15.0,8.0,0.0,0.0,,,,,,,,,,,,,,,,,,,,,,,,,,,,,,,,,,,,,,,,,,,,,,,,,,,,,,,,,,,,,,,,,,,,,,,,,,,,,,,,,,,,,,,,,,,,,,,,,,,,,,,,,,,,,,,,,,,,,,,,,,,,,,,Underground Reservoir,7,24
209,0851B5DC,0x851d8b0,0x851b5cc,1,29,25,0.0,0.0,2.0,7.0,0.0,1.0,15.0,0.0,0.0,2.0,7.0,1.0,1.0,16.0,0.0,0.0,2.0,7.0,2.0,1.0,17.0,0.0,0.0,2.0,7.0,3.0,1.0,18.0,48.0,120.0,4.0,3.0,4.0,45.0,49.0,112.0,128.0,3.0,0.0,5.0,13.0,1.0,,,,,,,,,,,,,,,,,,,,,,,,,,,,,,,,,,,,,,,,,,,,,,,,,,,,,,,,,,,,,,,,,,,,,,,,,,,,,,,,,,,,,,,,,,,,,,,,,,,,,,,,,,,,,,,,,,,,,,,,,,,,,,,,,,,,,,,,,,,,,,,,,,,,Underground Reservoir,7,25
210,0851B68C,0x851d904,0x851b65c,3,30,21,0.0,0.0,2.0,7.0,0.0,1.0,7.0,0.0,0.0,2.0,7.0,1.0,1.0,8.0,0.0,0.0,2.0,7.0,2.0,1.0,22.0,48.0,88.0,2.0,15.0,3.0,1.0,3.0,208.0,128.0,1.0,72.0,4.0,0.0,0.0,128.0,144.0,2.0,14.0,5.0,1.0,0.0,288.0,144.0,2.0,14.0,6.0,1.0,0.0,464.0,192.0,2.0,15.0,7.0,0.0,0.0,80.0,440.0,2.0,20.0,8.0,1.0,0.0,464.0,576.0,2.0,15.0,9.0,0.0,0.0,240.0,728.0,4.0,1.0,10.0,148.0,5.0,304.0,848.0,1.0,67.0,11.0,0.0,0.0,256.0,952.0,4.0,3.0,12.0,48.0,55.0,,,,,,,,,,,,,,,,,,,,,,,,,,,,,,,,,,,,,,,,,,,,,,,,,,,,,,,,,,,,,,,,,,,,,,,,,,,,,,,,,,,,,,,,,,,,,,,,,,,Underground Reservoir,7,26
211,0851B754,0x851d9ac,0x851b734,2,32,22,0.0,0.0,2.0,7.0,0.0,1.0,15.0,0.0,0.0,2.0,7.0,1.0,1.0,16.0,0.0,0.0,2.0,7.0,2.0,1.0,17.0,0.0,0.0,2.0,7.0,3.0,1.0,18.0,88.0,104.0,1.0,68.0,4.0,1.0,0.0,152.0,104.0,1.0,68.0,5.0,1.0,1.0,,,,,,,,,,,,,,,,,,,,,,,,,,,,,,,,,,,,,,,,,,,,,,,,,,,,,,,,,,,,,,,,,,,,,,,,,,,,,,,,,,,,,,,,,,,,,,,,,,,,,,,,,,,,,,,,,,,,,,,,,,,,,,,,,,,,,,,,,,,,,,,,,,,,Underground Reservoir,7,27
212,0851B81C,0x851da00,0x851b7fc,2,32,29,0.0,0.0,2.0,7.0,0.0,1.0,10.0,0.0,0.0,2.0,7.0,1.0,1.0,11.0,0.0,0.0,2.0,7.0,2.0,1.0,12.0,0.0,0.0,2.0,7.0,3.0,1.0,14.0,232.0,160.0,2.0,0.0,4.0,0.0,0.0,,,,,,,,,,,,,,,,,,,,,,,,,,,,,,,,,,,,,,,,,,,,,,,,,,,,,,,,,,,,,,,,,,,,,,,,,,,,,,,,,,,,,,,,,,,,,,,,,,,,,,,,,,,,,,,,,,,,,,,,,,,,,,,,,,,,,,,,,,,,,,,,,,,,,,,,,,,Underground Reservoir,7,28
213,0851B8D4,0x851da48,0x851b8c4,1,34,20,0.0,0.0,2.0,7.0,0.0,1.0,15.0,0.0,0.0,2.0,7.0,1.0,1.0,16.0,0.0,0.0,2.0,7.0,2.0,1.0,17.0,0.0,0.0,2.0,7.0,3.0,1.0,18.0,160.0,216.0,4.0,2.0,4.0,80.0,28.0,112.0,312.0,1.0,68.0,5.0,0.0,0.0,,,,,,,,,,,,,,,,,,,,,,,,,,,,,,,,,,,,,,,,,,,,,,,,,,,,,,,,,,,,,,,,,,,,,,,,,,,,,,,,,,,,,,,,,,,,,,,,,,,,,,,,,,,,,,,,,,,,,,,,,,,,,,,,,,,,,,,,,,,,,,,,,,,,Underground Reservoir,7,29
214,0851B9CC,0x851da9c,0x851b97c,5,33,22,0.0,0.0,2.0,7.0,0.0,1.0,15.0,0.0,0.0,2.0,7.0,1.0,1.0,16.0,0.0,0.0,2.0,7.0,2.0,1.0,17.0,0.0,0.0,2.0,7.0,3.0,1.0,18.0,48.0,216.0,4.0,1.0,4.0,149.0,6.0,64.0,528.0,1.0,63.0,5.0,0.0,0.0,128.0,384.0,1.0,63.0,6.0,0.0,0.0,128.0,448.0,1.0,63.0,7.0,0.0,0.0,208.0,656.0,1.0,65.0,8.0,2.0,0.0,256.0,272.0,1.0,67.0,9.0,0.0,0.0,272.0,536.0,1.0,65.0,10.0,2.0,0.0,336.0,384.0,1.0,63.0,11.0,1.0,0.0,368.0,688.0,1.0,67.0,12.0,0.0,0.0,384.0,80.0,2.0,41.0,13.0,128.0,2.0,416.0,336.0,1.0,65.0,14.0,2.0,0.0,512.0,656.0,1.0,65.0,15.0,2.0,0.0,624.0,352.0,1.0,63.0,16.0,1.0,0.0,640.0,528.0,1.0,63.0,17.0,1.0,0.0,656.0,400.0,1.0,63.0,18.0,1.0,0.0,672.0,240.0,1.0,65.0,19.0,4.0,0.0,,,,,,,,,,,,,,,,,,,,,,,,,,,,,,,,,,,,,,,,,,,,,,,,,,Underground Reservoir,7,30
215,0851BA94,0x851db98,0x851ba74,2,35,25,0.0,0.0,2.0,7.0,0.0,1.0,15.0,0.0,0.0,2.0,7.0,1.0,1.0,16.0,0.0,0.0,2.0,7.0,2.0,1.0,17.0,0.0,0.0,2.0,7.0,3.0,1.0,18.0,160.0,208.0,1.0,65.0,4.0,2.0,0.0,224.0,392.0,2.0,8.0,5.0,1.0,41.0,,,,,,,,,,,,,,,,,,,,,,,,,,,,,,,,,,,,,,,,,,,,,,,,,,,,,,,,,,,,,,,,,,,,,,,,,,,,,,,,,,,,,,,,,,,,,,,,,,,,,,,,,,,,,,,,,,,,,,,,,,,,,,,,,,,,,,,,,,,,,,,,,,,,Underground Reservoir,7,31
216,0851BB4C,0x851dbec,0x851bb3c,1,36,22,0.0,0.0,2.0,7.0,0.0,1.0,15.0,0.0,0.0,2.0,7.0,1.0,1.0,16.0,0.0,0.0,2.0,7.0,2.0,1.0,17.0,0.0,0.0,2.0,7.0,3.0,1.0,18.0,240.0,152.0,1.0,62.0,4.0,0.0,0.0,400.0,88.0,4.0,4.0,5.0,73.0,41.0,,,,,,,,,,,,,,,,,,,,,,,,,,,,,,,,,,,,,,,,,,,,,,,,,,,,,,,,,,,,,,,,,,,,,,,,,,,,,,,,,,,,,,,,,,,,,,,,,,,,,,,,,,,,,,,,,,,,,,,,,,,,,,,,,,,,,,,,,,,,,,,,,,,,Underground Reservoir,7,32
217,0851BC04,0x851dc40,0x851bbf4,1,36,26,0.0,0.0,2.0,7.0,0.0,1.0,15.0,0.0,0.0,2.0,7.0,1.0,1.0,16.0,0.0,0.0,2.0,7.0,2.0,1.0,17.0,0.0,0.0,2.0,7.0,3.0,1.0,18.0,176.0,120.0,4.0,3.0,4.0,38.0,29.0,,,,,,,,,,,,,,,,,,,,,,,,,,,,,,,,,,,,,,,,,,,,,,,,,,,,,,,,,,,,,,,,,,,,,,,,,,,,,,,,,,,,,,,,,,,,,,,,,,,,,,,,,,,,,,,,,,,,,,,,,,,,,,,,,,,,,,,,,,,,,,,,,,,,,,,,,,,Underground Reservoir,7,33
218,0851BD0C,0x851dc88,0x851bcac,6,30,25,0.0,0.0,2.0,7.0,0.0,1.0,15.0,0.0,0.0,2.0,7.0,1.0,1.0,16.0,0.0,0.0,2.0,7.0,2.0,1.0,17.0,0.0,0.0,2.0,7.0,3.0,1.0,18.0,0.0,0.0,2.0,7.0,4.0,1.0,19.0,0.0,0.0,2.0,7.0,5.0,1.0,20.0,0.0,0.0,2.0,7.0,6.0,1.0,21.0,0.0,0.0,2.0,12.0,7.0,0.0,0.0,472.0,152.0,4.0,2.0,8.0,113.0,2.0,418.0,160.0,2.0,51.0,9.0,0.0,0.0,80.0,768.0,3.0,0.0,10.0,13.0,1.0,400.0,1088.0,2.0,51.0,11.0,1.0,0.0,184.0,1136.0,3.0,0.0,12.0,13.0,1.0,416.0,1176.0,4.0,4.0,13.0,56.0,15.0,368.0,1184.0,2.0,51.0,14.0,2.0,0.0,208.0,1184.0,2.0,20.0,15.0,2.0,0.0,,,,,,,,,,,,,,,,,,,,,,,,,,,,,,,,,,,,,,,,,,,,,,,,,,,,,,,,,,,,,,,,,,,,,,,,,,,,,,Underground Reservoir,7,34
219,0851BD9C,0x851dd54,0x851bd8c,1,19,33,0.0,0.0,2.0,7.0,0.0,1.0,23.0,0.0,176.0,2.0,37.0,1.0,0.0,1.0,0.0,176.0,2.0,37.0,2.0,0.0,2.0,48.0,136.0,4.0,1.0,3.0,150.0,6.0,192.0,160.0,1.0,75.0,4.0,0.0,0.0,320.0,160.0,1.0,75.0,5.0,0.0,0.0,432.0,144.0,3.0,0.0,6.0,11.0,0.0,512.0,152.0,2.0,14.0,7.0,4.0,0.0,624.0,144.0,3.0,0.0,8.0,11.0,0.0,704.0,160.0,1.0,75.0,9.0,0.0,0.0,832.0,160.0,1.0,75.0,10.0,0.0,0.0,944.0,144.0,3.0,0.0,11.0,11.0,0.0,,,,,,,,,,,,,,,,,,,,,,,,,,,,,,,,,,,,,,,,,,,,,,,,,,,,,,,,,,,,,,,,,,,,,,,,,,,,,,,,,,,,,,,,,,,,,,,,,,,,,,,,,,Underground Reservoir,7,35
220,0851BE6C,0x851ddf0,0x851be2c,4,23,33,0.0,0.0,2.0,7.0,0.0,1.0,23.0,0.0,0.0,2.0,37.0,1.0,3.0,1.0,0.0,0.0,2.0,37.0,2.0,3.0,2.0,80.0,256.0,3.0,0.0,3.0,11.0,0.0,160.0,256.0,3.0,0.0,4.0,11.0,0.0,,,,,,,,,,,,,,,,,,,,,,,,,,,,,,,,,,,,,,,,,,,,,,,,,,,,,,,,,,,,,,,,,,,,,,,,,,,,,,,,,,,,,,,,,,,,,,,,,,,,,,,,,,,,,,,,,,,,,,,,,,,,,,,,,,,,,,,,,,,,,,,,,,,,,,,,,,,Underground Reservoir,7,36
221,0851BF1C,0x851de38,0x851befc,2,24,34,0.0,0.0,2.0,7.0,0.0,1.0,23.0,64.0,160.0,2.0,37.0,2.0,2.0,2.0,120.0,168.0,2.0,37.0,1.0,2.0,1.0,232.0,160.0,2.0,2.0,3.0,0.0,5.0,,,,,,,,,,,,,,,,,,,,,,,,,,,,,,,,,,,,,,,,,,,,,,,,,,,,,,,,,,,,,,,,,,,,,,,,,,,,,,,,,,,,,,,,,,,,,,,,,,,,,,,,,,,,,,,,,,,,,,,,,,,,,,,,,,,,,,,,,,,,,,,,,,,,,,,,,,,,,,,,,,Underground Reservoir,7,37
222,0851BFD4,0x851de74,0x851bfb4,2,25,33,0.0,0.0,2.0,7.0,0.0,1.0,23.0,56.0,416.0,2.0,4.0,1.0,1.0,5.0,256.0,256.0,1.0,108.0,3.0,1.0,0.0,456.0,416.0,2.0,4.0,2.0,1.0,5.0,,,,,,,,,,,,,,,,,,,,,,,,,,,,,,,,,,,,,,,,,,,,,,,,,,,,,,,,,,,,,,,,,,,,,,,,,,,,,,,,,,,,,,,,,,,,,,,,,,,,,,,,,,,,,,,,,,,,,,,,,,,,,,,,,,,,,,,,,,,,,,,,,,,,,,,,,,,,,,,,,,Underground Reservoir,7,38
223,0851C05C,0x851deb0,0x851c03c,2,13,31,,,,,,,,,,,,,,,,,,,,,,,,,,,,,,,,,,,,,,,,,,,,,,,,,,,,,,,,,,,,,,,,,,,,,,,,,,,,,,,,,,,,,,,,,,,,,,,,,,,,,,,,,,,,,,,,,,,,,,,,,,,,,,,,,,,,,,,,,,,,,,,,,,,,,,,,,,,,,,,,,,,,,,,,,,,,,,,,,,,,,,,,,,,,,,Underground Reservoir,7,39
224,0851C0D4,0x8510f84,0x851c0c4,1,18,27,0.0,0.0,2.0,29.0,0.0,1.0,0.0,0.0,0.0,2.0,28.0,1.0,0.0,0.0,,,,,,,,,,,,,,,,,,,,,,,,,,,,,,,,,,,,,,,,,,,,,,,,,,,,,,,,,,,,,,,,,,,,,,,,,,,,,,,,,,,,,,,,,,,,,,,,,,,,,,,,,,,,,,,,,,,,,,,,,,,,,,,,,,,,,,,,,,,,,,,,,,,,,,,,,,,,,,,,,,,,,,,,,,,,,,,,Underground Reservoir,7,40
225,0851C154,0x8510a44,0x851c144,1,24,29,0.0,0.0,2.0,31.0,0.0,0.0,0.0,224.0,160.0,2.0,29.0,1.0,0.0,0.0,,,,,,,,,,,,,,,,,,,,,,,,,,,,,,,,,,,,,,,,,,,,,,,,,,,,,,,,,,,,,,,,,,,,,,,,,,,,,,,,,,,,,,,,,,,,,,,,,,,,,,,,,,,,,,,,,,,,,,,,,,,,,,,,,,,,,,,,,,,,,,,,,,,,,,,,,,,,,,,,,,,,,,,,,,,,,,,,Underground Reservoir,7,41
226,0851C1CC,0x8510f84,0x851c1bc,1,24,33,0.0,0.0,2.0,29.0,0.0,1.0,0.0,0.0,0.0,2.0,28.0,1.0,0.0,0.0,,,,,,,,,,,,,,,,,,,,,,,,,,,,,,,,,,,,,,,,,,,,,,,,,,,,,,,,,,,,,,,,,,,,,,,,,,,,,,,,,,,,,,,,,,,,,,,,,,,,,,,,,,,,,,,,,,,,,,,,,,,,,,,,,,,,,,,,,,,,,,,,,,,,,,,,,,,,,,,,,,,,,,,,,,,,,,,,Underground Reservoir,7,42
227,0851C26C,0x851debc,0x851c24c,2,25,25,0.0,0.0,2.0,7.0,0.0,1.0,7.0,0.0,0.0,2.0,7.0,1.0,1.0,8.0,0.0,0.0,2.0,7.0,2.0,1.0,22.0,144.0,88.0,1.0,68.0,3.0,0.0,0.0,,,,,,,,,,,,,,,,,,,,,,,,,,,,,,,,,,,,,,,,,,,,,,,,,,,,,,,,,,,,,,,,,,,,,,,,,,,,,,,,,,,,,,,,,,,,,,,,,,,,,,,,,,,,,,,,,,,,,,,,,,,,,,,,,,,,,,,,,,,,,,,,,,,,,,,,,,,,,,,,,,Underground Reservoir,7,43
228,0851C32C,0x851def8,0x851c2ec,4,26,25,0.0,0.0,2.0,7.0,0.0,1.0,7.0,0.0,0.0,2.0,7.0,1.0,1.0,8.0,0.0,0.0,2.0,7.0,2.0,1.0,22.0,208.0,96.0,2.0,15.0,3.0,0.0,0.0,112.0,312.0,1.0,68.0,4.0,1.0,0.0,192.0,312.0,1.0,68.0,5.0,0.0,0.0,160.0,312.0,2.0,14.0,6.0,6.0,0.0,128.0,440.0,1.0,58.0,7.0,0.0,0.0,144.0,536.0,1.0,61.0,8.0,5.0,1.0,112.0,632.0,1.0,61.0,9.0,5.0,1.0,64.0,672.0,1.0,68.0,10.0,1.0,0.0,144.0,760.0,1.0,61.0,11.0,5.0,1.0,48.0,792.0,2.0,14.0,12.0,6.0,0.0,112.0,872.0,1.0,68.0,13.0,1.0,0.0,128.0,952.0,1.0,58.0,14.0,0.0,0.0,,,,,,,,,,,,,,,,,,,,,,,,,,,,,,,,,,,,,,,,,,,,,,,,,,,,,,,,,,,,,,,,,,,,,,,,,,,,,,,,,,,,,Underground Reservoir,7,44
229,0851C3F4,0x851dfb8,0x851c3d4,2,24,28,0.0,0.0,2.0,7.0,0.0,1.0,15.0,0.0,0.0,2.0,7.0,1.0,1.0,16.0,0.0,0.0,2.0,7.0,2.0,1.0,17.0,0.0,0.0,2.0,7.0,3.0,1.0,18.0,0.0,160.0,1.0,81.0,4.0,0.0,0.0,192.0,184.0,1.0,69.0,5.0,0.0,0.0,,,,,,,,,,,,,,,,,,,,,,,,,,,,,,,,,,,,,,,,,,,,,,,,,,,,,,,,,,,,,,,,,,,,,,,,,,,,,,,,,,,,,,,,,,,,,,,,,,,,,,,,,,,,,,,,,,,,,,,,,,,,,,,,,,,,,,,,,,,,,,,,,,,,Underground Reservoir,7,45
230,0851C4CC,0x851e00c,0x851c49c,3,22,28,0.0,0.0,2.0,7.0,0.0,1.0,15.0,0.0,0.0,2.0,7.0,1.0,1.0,16.0,0.0,0.0,2.0,7.0,2.0,1.0,17.0,0.0,0.0,2.0,7.0,3.0,1.0,18.0,304.0,216.0,1.0,52.0,4.0,2.0,0.0,112.0,280.0,1.0,52.0,5.0,0.0,0.0,384.0,328.0,1.0,68.0,6.0,1.0,1.0,320.0,488.0,1.0,68.0,7.0,1.0,0.0,256.0,568.0,1.0,3.0,8.0,0.0,0.0,320.0,568.0,1.0,3.0,9.0,0.0,0.0,256.0,616.0,1.0,68.0,10.0,1.0,1.0,192.0,696.0,1.0,3.0,11.0,0.0,0.0,192.0,696.0,1.0,3.0,12.0,0.0,0.0,288.0,696.0,1.0,3.0,13.0,0.0,0.0,384.0,696.0,1.0,3.0,14.0,0.0,0.0,,,,,,,,,,,,,,,,,,,,,,,,,,,,,,,,,,,,,,,,,,,,,,,,,,,,,,,,,,,,,,,,,,,,,,,,,,,,,,,,,,,,,Underground Reservoir,7,46
231,0851C584,0x851e0cc,0x851c564,2,24,30,0.0,0.0,2.0,7.0,0.0,1.0,10.0,0.0,0.0,2.0,7.0,1.0,1.0,23.0,64.0,144.0,3.0,0.0,2.0,13.0,0.0,88.0,104.0,1.0,68.0,3.0,1.0,0.0,120.0,184.0,1.0,79.0,4.0,0.0,0.0,152.0,104.0,1.0,68.0,5.0,1.0,0.0,176.0,144.0,3.0,0.0,6.0,13.0,0.0,,,,,,,,,,,,,,,,,,,,,,,,,,,,,,,,,,,,,,,,,,,,,,,,,,,,,,,,,,,,,,,,,,,,,,,,,,,,,,,,,,,,,,,,,,,,,,,,,,,,,,,,,,,,,,,,,,,,,,,,,,,,,,,,,,,,,,,,,,,,,Underground Reservoir,7,47
232,0851C63C,0x851e12c,0x851c61c,2,18,30,0.0,0.0,2.0,7.0,0.0,1.0,10.0,0.0,0.0,2.0,7.0,1.0,1.0,23.0,128.0,152.0,3.0,0.0,2.0,13.0,0.0,224.0,184.0,1.0,66.0,3.0,1.0,0.0,288.0,152.0,3.0,0.0,4.0,13.0,0.0,448.0,152.0,1.0,61.0,5.0,5.0,1.0,528.0,128.0,1.0,62.0,6.0,0.0,0.0,664.0,168.0,1.0,61.0,7.0,5.0,1.0,736.0,152.0,3.0,0.0,8.0,13.0,0.0,800.0,184.0,1.0,66.0,9.0,0.0,0.0,896.0,152.0,3.0,0.0,10.0,13.0,0.0,,,,,,,,,,,,,,,,,,,,,,,,,,,,,,,,,,,,,,,,,,,,,,,,,,,,,,,,,,,,,,,,,,,,,,,,,,,,,,,,,,,,,,,,,,,,,,,,,,,,,,,,,,,,,,,,,Underground Reservoir,7,48
233,0851C6B4,0x8510f84,0x851c6a4,1,27,28,0.0,0.0,2.0,29.0,0.0,1.0,0.0,0.0,0.0,2.0,28.0,1.0,0.0,0.0,,,,,,,,,,,,,,,,,,,,,,,,,,,,,,,,,,,,,,,,,,,,,,,,,,,,,,,,,,,,,,,,,,,,,,,,,,,,,,,,,,,,,,,,,,,,,,,,,,,,,,,,,,,,,,,,,,,,,,,,,,,,,,,,,,,,,,,,,,,,,,,,,,,,,,,,,,,,,,,,,,,,,,,,,,,,,,,,Underground Reservoir,7,49
234,0851C77C,0x851e1bc,0x851c75c,2,32,25,0.0,0.0,2.0,7.0,0.0,1.0,15.0,0.0,0.0,2.0,7.0,1.0,1.0,16.0,0.0,0.0,2.0,7.0,2.0,1.0,17.0,0.0,0.0,2.0,7.0,3.0,1.0,18.0,0.0,0.0,2.0,7.0,4.0,1.0,19.0,0.0,0.0,2.0,7.0,5.0,1.0,20.0,0.0,0.0,2.0,7.0,6.0,1.0,21.0,,,,,,,,,,,,,,,,,,,,,,,,,,,,,,,,,,,,,,,,,,,,,,,,,,,,,,,,,,,,,,,,,,,,,,,,,,,,,,,,,,,,,,,,,,,,,,,,,,,,,,,,,,,,,,,,,,,,,,,,,,,,,,,,,,,,,,,,,,,,,Underground Reservoir,7,50
235,0851C7FC,0x851e21c,0x851c7ec,1,27,26,0.0,0.0,2.0,7.0,0.0,1.0,7.0,0.0,0.0,2.0,7.0,1.0,1.0,8.0,128.0,184.0,1.0,7.0,2.0,0.0,0.0,,,,,,,,,,,,,,,,,,,,,,,,,,,,,,,,,,,,,,,,,,,,,,,,,,,,,,,,,,,,,,,,,,,,,,,,,,,,,,,,,,,,,,,,,,,,,,,,,,,,,,,,,,,,,,,,,,,,,,,,,,,,,,,,,,,,,,,,,,,,,,,,,,,,,,,,,,,,,,,,,,,,,,,,,Underground Reservoir,7,51
236,0851C89C,0x851e24c,0x851c88c,1,27,33,0.0,0.0,2.0,7.0,0.0,1.0,23.0,48.0,136.0,4.0,2.0,1.0,104.0,1.0,120.0,152.0,2.0,14.0,2.0,12.0,0.0,,,,,,,,,,,,,,,,,,,,,,,,,,,,,,,,,,,,,,,,,,,,,,,,,,,,,,,,,,,,,,,,,,,,,,,,,,,,,,,,,,,,,,,,,,,,,,,,,,,,,,,,,,,,,,,,,,,,,,,,,,,,,,,,,,,,,,,,,,,,,,,,,,,,,,,,,,,,,,,,,,,,,,,,,Underground Reservoir,7,52
237,0851C94C,0x851e27c,0x851c92c,2,27,34,0.0,0.0,2.0,7.0,0.0,1.0,23.0,120.0,152.0,2.0,14.0,1.0,12.0,0.0,,,,,,,,,,,,,,,,,,,,,,,,,,,,,,,,,,,,,,,,,,,,,,,,,,,,,,,,,,,,,,,,,,,,,,,,,,,,,,,,,,,,,,,,,,,,,,,,,,,,,,,,,,,,,,,,,,,,,,,,,,,,,,,,,,,,,,,,,,,,,,,,,,,,,,,,,,,,,,,,,,,,,,,,,,,,,,,,Underground Reservoir,7,53
238,0851CA1C,0x851e2a0,0x851c9dc,4,28,33,0.0,0.0,2.0,7.0,0.0,1.0,23.0,,,,,,,,,,,,,,,,,,,,,,,,,,,,,,,,,,,,,,,,,,,,,,,,,,,,,,,,,,,,,,,,,,,,,,,,,,,,,,,,,,,,,,,,,,,,,,,,,,,,,,,,,,,,,,,,,,,,,,,,,,,,,,,,,,,,,,,,,,,,,,,,,,,,,,,,,,,,,,,,,,,,,,,,,,,,,,,,,,,,,,,Underground Reservoir,7,54
239,0851CABC,0x851e2b8,0x851caac,1,29,33,0.0,0.0,2.0,7.0,0.0,1.0,23.0,112.0,144.0,3.0,0.0,1.0,11.0,0.0,192.0,112.0,1.0,73.0,2.0,0.0,0.0,208.0,144.0,3.0,0.0,3.0,11.0,0.0,304.0,144.0,3.0,0.0,4.0,11.0,0.0,320.0,112.0,1.0,73.0,5.0,0.0,0.0,720.0,144.0,3.0,0.0,6.0,11.0,0.0,768.0,144.0,1.0,104.0,7.0,0.0,0.0,816.0,144.0,3.0,0.0,8.0,11.0,0.0,976.0,136.0,4.0,4.0,9.0,75.0,43.0,,,,,,,,,,,,,,,,,,,,,,,,,,,,,,,,,,,,,,,,,,,,,,,,,,,,,,,,,,,,,,,,,,,,,,,,,,,,,,,,,,,,,,,,,,,,,,,,,,,,,,,,,,,,,,,,,,,,,,,,Underground Reservoir,7,55
240,0851CB6C,0x851e33c,0x851cb4c,2,29,34,0.0,0.0,2.0,7.0,0.0,1.0,23.0,80.0,144.0,3.0,0.0,1.0,11.0,0.0,160.0,160.0,1.0,74.0,2.0,0.0,0.0,192.0,160.0,1.0,74.0,3.0,0.0,0.0,256.0,168.0,2.0,14.0,4.0,12.0,0.0,256.0,168.0,1.0,74.0,5.0,0.0,0.0,288.0,144.0,1.0,74.0,6.0,0.0,0.0,320.0,168.0,1.0,74.0,7.0,0.0,0.0,432.0,144.0,3.0,0.0,8.0,11.0,1.0,512.0,152.0,2.0,14.0,9.0,4.0,1.0,656.0,144.0,3.0,0.0,10.0,11.0,0.0,672.0,160.0,1.0,74.0,11.0,0.0,0.0,704.0,160.0,1.0,74.0,12.0,0.0,0.0,768.0,168.0,1.0,74.0,13.0,0.0,0.0,784.0,144.0,3.0,0.0,14.0,11.0,0.0,800.0,144.0,1.0,74.0,15.0,0.0,0.0,808.0,168.0,2.0,14.0,16.0,12.0,0.0,832.0,168.0,1.0,74.0,17.0,0.0,0.0,912.0,144.0,3.0,0.0,18.0,11.0,0.0,,,,,,,,,,,,,,,,,,,,,,,,,,,,,,,,,,,,,,,,,,,,,,,,,,,,,,,,,Underground Reservoir,7,56
241,0851E490,0x851f1cc,0x851e480,1,1,31,80.0,128.0,4.0,6.0,0.0,8.0,2.0,,,,,,,,,,,,,,,,,,,,,,,,,,,,,,,,,,,,,,,,,,,,,,,,,,,,,,,,,,,,,,,,,,,,,,,,,,,,,,,,,,,,,,,,,,,,,,,,,,,,,,,,,,,,,,,,,,,,,,,,,,,,,,,,,,,,,,,,,,,,,,,,,,,,,,,,,,,,,,,,,,,,,,,,,,,,,,,,,,,,,,,Arena,8,1
242,0851E528,0x851f1e4,0x851e508,2,2,31,0.0,0.0,2.0,32.0,0.0,10.0,0.0,8.0,160.0,2.0,2.0,1.0,1.0,6.0,256.0,128.0,1.0,109.0,2.0,1.0,0.0,504.0,160.0,2.0,2.0,3.0,1.0,6.0,,,,,,,,,,,,,,,,,,,,,,,,,,,,,,,,,,,,,,,,,,,,,,,,,,,,,,,,,,,,,,,,,,,,,,,,,,,,,,,,,,,,,,,,,,,,,,,,,,,,,,,,,,,,,,,,,,,,,,,,,,,,,,,,,,,,,,,,,,,,,,,,,,,,,,,,,,,,,,,,,,Arena,8,2
243,0851E5E0,0x851f220,0x851e5a0,4,3,25,72.0,167.0,2.0,15.0,0.0,0.0,0.0,48.0,176.0,1.0,94.0,1.0,0.0,0.0,392.0,223.0,1.0,82.0,2.0,0.0,0.0,424.0,199.0,2.0,15.0,3.0,0.0,0.0,88.0,307.0,1.0,91.0,4.0,0.0,0.0,232.0,391.0,2.0,15.0,5.0,0.0,0.0,440.0,391.0,2.0,15.0,6.0,0.0,0.0,208.0,415.0,1.0,89.0,7.0,0.0,0.0,464.0,408.0,4.0,3.0,8.0,29.0,13.0,432.0,543.0,1.0,82.0,9.0,0.0,0.0,240.0,560.0,1.0,91.0,10.0,0.0,0.0,60.0,592.0,1.0,91.0,11.0,0.0,0.0,72.0,679.0,2.0,15.0,12.0,0.0,0.0,424.0,679.0,2.0,15.0,13.0,0.0,0.0,384.0,703.0,1.0,89.0,14.0,0.0,0.0,,,,,,,,,,,,,,,,,,,,,,,,,,,,,,,,,,,,,,,,,,,,,,,,,,,,,,,,,,,,,,,,,,,,,,,,,,,,,,,,,,,,,Arena,8,3
244,0851E688,0x851f2e0,0x851e658,3,3,28,56.0,167.0,2.0,15.0,0.0,0.0,0.0,280.0,159.0,1.0,85.0,1.0,0.0,0.0,312.0,167.0,2.0,15.0,2.0,0.0,0.0,352.0,184.0,2.0,14.0,3.0,11.0,0.0,392.0,191.0,1.0,84.0,4.0,0.0,0.0,584.0,167.0,2.0,15.0,5.0,0.0,0.0,592.0,191.0,1.0,89.0,6.0,0.0,0.0,,,,,,,,,,,,,,,,,,,,,,,,,,,,,,,,,,,,,,,,,,,,,,,,,,,,,,,,,,,,,,,,,,,,,,,,,,,,,,,,,,,,,,,,,,,,,,,,,,,,,,,,,,,,,,,,,,,,,,,,,,,,,,,,,,,,,,,,,,,,,Arena,8,4
245,0851E730,0x851f340,0x851e700,3,3,29,96.0,184.0,2.0,14.0,0.0,11.0,0.0,120.0,143.0,1.0,85.0,1.0,0.0,0.0,,,,,,,,,,,,,,,,,,,,,,,,,,,,,,,,,,,,,,,,,,,,,,,,,,,,,,,,,,,,,,,,,,,,,,,,,,,,,,,,,,,,,,,,,,,,,,,,,,,,,,,,,,,,,,,,,,,,,,,,,,,,,,,,,,,,,,,,,,,,,,,,,,,,,,,,,,,,,,,,,,,,,,,,,,,,,,,,Arena,8,5
246,0851E7F8,0x851f364,0x851e7a8,5,4,29,0.0,0.0,2.0,7.0,0.0,1.0,13.0,0.0,0.0,2.0,23.0,1.0,0.0,0.0,200.0,135.0,2.0,15.0,2.0,0.0,0.0,232.0,160.0,2.0,5.0,3.0,0.0,0.0,200.0,391.0,2.0,15.0,4.0,0.0,0.0,232.0,416.0,2.0,5.0,5.0,0.0,0.0,40.0,647.0,2.0,15.0,6.0,0.0,0.0,200.0,647.0,2.0,15.0,7.0,0.0,0.0,8.0,672.0,2.0,2.0,8.0,0.0,6.0,232.0,672.0,2.0,5.0,9.0,0.0,0.0,,,,,,,,,,,,,,,,,,,,,,,,,,,,,,,,,,,,,,,,,,,,,,,,,,,,,,,,,,,,,,,,,,,,,,,,,,,,,,,,,,,,,,,,,,,,,,,,,,,,,,,,,,,,,,,,,,,,,,,,Arena,8,6
247,0851E880,0x851f3e8,0x851e870,1,5,25,104.0,119.0,3.0,0.0,0.0,3.0,0.0,184.0,119.0,3.0,0.0,1.0,3.0,0.0,224.0,159.0,1.0,84.0,2.0,0.0,0.0,264.0,119.0,3.0,0.0,3.0,3.0,0.0,296.0,127.0,1.0,85.0,4.0,0.0,0.0,344.0,119.0,3.0,0.0,5.0,3.0,1.0,424.0,119.0,3.0,0.0,6.0,3.0,0.0,504.0,119.0,3.0,0.0,7.0,3.0,0.0,584.0,119.0,3.0,0.0,8.0,3.0,1.0,624.0,159.0,1.0,84.0,9.0,0.0,0.0,664.0,119.0,3.0,0.0,10.0,3.0,0.0,744.0,119.0,3.0,0.0,11.0,3.0,0.0,824.0,119.0,3.0,0.0,12.0,3.0,0.0,856.0,159.0,1.0,92.0,13.0,0.0,0.0,904.0,119.0,3.0,0.0,14.0,3.0,1.0,984.0,119.0,3.0,1.0,15.0,3.0,5.0,,,,,,,,,,,,,,,,,,,,,,,,,,,,,,,,,,,,,,,,,,,,,,,,,,,,,,,,,,,,,,,,,,,,,,,,,,,,,,Arena,8,7
248,0851E918,0x851f4b4,0x851e8f8,2,5,26,104.0,119.0,3.0,0.0,0.0,3.0,0.0,184.0,119.0,3.0,0.0,1.0,3.0,0.0,224.0,112.0,1.0,88.0,2.0,0.0,0.0,264.0,119.0,3.0,0.0,3.0,3.0,0.0,344.0,119.0,3.0,0.0,4.0,3.0,1.0,368.0,159.0,1.0,84.0,5.0,0.0,0.0,424.0,119.0,3.0,0.0,6.0,3.0,0.0,504.0,119.0,3.0,0.0,7.0,3.0,0.0,544.0,112.0,1.0,85.0,8.0,0.0,0.0,584.0,119.0,3.0,0.0,9.0,3.0,0.0,664.0,119.0,3.0,0.0,10.0,3.0,1.0,704.0,112.0,1.0,88.0,11.0,0.0,0.0,744.0,119.0,3.0,0.0,12.0,3.0,0.0,824.0,119.0,3.0,0.0,13.0,3.0,0.0,904.0,119.0,3.0,0.0,14.0,3.0,0.0,984.0,119.0,3.0,0.0,15.0,3.0,0.0,,,,,,,,,,,,,,,,,,,,,,,,,,,,,,,,,,,,,,,,,,,,,,,,,,,,,,,,,,,,,,,,,,,,,,,,,,,,,,Arena,8,8
249,0851E9A0,0x851f580,0x851e990,1,5,27,72.0,176.0,2.0,36.0,0.0,0.0,0.0,88.0,176.0,2.0,36.0,1.0,0.0,0.0,104.0,176.0,2.0,36.0,2.0,0.0,0.0,120.0,176.0,2.0,36.0,3.0,0.0,0.0,120.0,192.0,2.0,35.0,4.0,0.0,0.0,128.0,184.0,1.0,37.0,5.0,0.0,0.0,136.0,176.0,2.0,36.0,6.0,0.0,0.0,136.0,176.0,1.0,95.0,7.0,1.0,0.0,152.0,176.0,2.0,36.0,8.0,0.0,0.0,168.0,176.0,2.0,36.0,9.0,0.0,0.0,184.0,152.0,4.0,4.0,10.0,65.0,27.0,,,,,,,,,,,,,,,,,,,,,,,,,,,,,,,,,,,,,,,,,,,,,,,,,,,,,,,,,,,,,,,,,,,,,,,,,,,,,,,,,,,,,,,,,,,,,,,,,,,,,,,,,,,,,,,,,Arena,8,9
250,0851EA38,0x851f610,0x851ea18,2,5,29,56.0,112.0,1.0,99.0,0.0,0.0,0.0,113.0,123.0,2.0,38.0,1.0,0.0,0.0,152.0,112.0,1.0,99.0,2.0,0.0,0.0,273.0,123.0,2.0,38.0,3.0,0.0,0.0,312.0,112.0,1.0,99.0,4.0,0.0,0.0,433.0,123.0,2.0,38.0,5.0,0.0,0.0,472.0,112.0,1.0,99.0,6.0,0.0,0.0,593.0,123.0,2.0,38.0,7.0,0.0,0.0,640.0,112.0,1.0,99.0,8.0,0.0,0.0,753.0,123.0,2.0,38.0,9.0,0.0,0.0,792.0,112.0,1.0,99.0,10.0,0.0,0.0,912.0,64.0,2.0,19.0,11.0,0.0,45.0,1008.0,137.0,2.0,9.0,12.0,4.0,45.0,,,,,,,,,,,,,,,,,,,,,,,,,,,,,,,,,,,,,,,,,,,,,,,,,,,,,,,,,,,,,,,,,,,,,,,,,,,,,,,,,,,,,,,,,,,,,,,,,,,Arena,8,10
251,0851EAD0,0x851f6b8,0x851eab0,2,5,30,0.0,128.0,1.0,57.0,0.0,3.0,3.0,160.0,128.0,1.0,98.0,1.0,0.0,0.0,352.0,128.0,1.0,98.0,2.0,0.0,0.0,456.0,192.0,2.0,27.0,5.0,0.0,0.0,672.0,128.0,1.0,72.0,3.0,0.0,0.0,928.0,128.0,1.0,98.0,4.0,0.0,0.0,,,,,,,,,,,,,,,,,,,,,,,,,,,,,,,,,,,,,,,,,,,,,,,,,,,,,,,,,,,,,,,,,,,,,,,,,,,,,,,,,,,,,,,,,,,,,,,,,,,,,,,,,,,,,,,,,,,,,,,,,,,,,,,,,,,,,,,,,,,,,,,,,,,,Arena,8,11
252,0851EB68,0x851f70c,0x851eb48,2,5,31,64.0,128.0,2.0,34.0,0.0,0.0,0.0,64.0,191.0,1.0,89.0,1.0,0.0,0.0,128.0,191.0,1.0,89.0,2.0,0.0,0.0,192.0,191.0,1.0,89.0,3.0,0.0,0.0,256.0,191.0,1.0,89.0,4.0,0.0,0.0,320.0,191.0,1.0,89.0,5.0,0.0,0.0,384.0,191.0,1.0,89.0,6.0,0.0,0.0,448.0,191.0,1.0,89.0,7.0,0.0,0.0,512.0,191.0,1.0,89.0,8.0,0.0,0.0,576.0,191.0,1.0,89.0,9.0,0.0,0.0,640.0,191.0,1.0,89.0,10.0,0.0,0.0,704.0,191.0,1.0,89.0,11.0,0.0,0.0,768.0,191.0,1.0,89.0,12.0,0.0,0.0,880.0,136.0,2.0,9.0,13.0,4.0,47.0,,,,,,,,,,,,,,,,,,,,,,,,,,,,,,,,,,,,,,,,,,,,,,,,,,,,,,,,,,,,,,,,,,,,,,,,,,,,,,,,,,,,,,,,,,,,Arena,8,12
253,0851EC00,0x851f7c0,0x851ebe0,2,6,28,200.0,128.0,1.0,87.0,0.0,0.0,0.0,256.0,128.0,1.0,93.0,1.0,0.0,0.0,312.0,128.0,1.0,87.0,2.0,0.0,0.0,,,,,,,,,,,,,,,,,,,,,,,,,,,,,,,,,,,,,,,,,,,,,,,,,,,,,,,,,,,,,,,,,,,,,,,,,,,,,,,,,,,,,,,,,,,,,,,,,,,,,,,,,,,,,,,,,,,,,,,,,,,,,,,,,,,,,,,,,,,,,,,,,,,,,,,,,,,,,,,,,,,,,,,,,Arena,8,13
254,0851ECB8,0x851f7f0,0x851ec78,4,8,28,96.0,112.0,1.0,91.0,2.0,0.0,0.0,184.0,167.0,2.0,15.0,1.0,0.0,1.0,208.0,176.0,1.0,82.0,0.0,0.0,0.0,232.0,167.0,2.0,15.0,3.0,0.0,0.0,544.0,144.0,1.0,89.0,4.0,0.0,0.0,576.0,112.0,1.0,91.0,5.0,0.0,0.0,696.0,167.0,2.0,15.0,6.0,0.0,0.0,,,,,,,,,,,,,,,,,,,,,,,,,,,,,,,,,,,,,,,,,,,,,,,,,,,,,,,,,,,,,,,,,,,,,,,,,,,,,,,,,,,,,,,,,,,,,,,,,,,,,,,,,,,,,,,,,,,,,,,,,,,,,,,,,,,,,,,,,,,,,Arena,8,14
255,0851ED60,0x851f850,0x851ed30,3,9,25,40.0,111.0,1.0,87.0,0.0,0.0,0.0,200.0,135.0,2.0,15.0,1.0,0.0,0.0,40.0,287.0,1.0,87.0,2.0,0.0,0.0,40.0,391.0,2.0,15.0,3.0,0.0,0.0,224.0,473.0,1.0,87.0,4.0,0.0,0.0,128.0,615.0,1.0,82.0,5.0,0.0,0.0,,,,,,,,,,,,,,,,,,,,,,,,,,,,,,,,,,,,,,,,,,,,,,,,,,,,,,,,,,,,,,,,,,,,,,,,,,,,,,,,,,,,,,,,,,,,,,,,,,,,,,,,,,,,,,,,,,,,,,,,,,,,,,,,,,,,,,,,,,,,,,,,,,,,Arena,8,15
256,0851EDE8,0x851f8a4,0x851edd8,1,9,29,64.0,128.0,2.0,33.0,0.0,0.0,0.0,200.0,136.0,4.0,4.0,1.0,54.0,7.0,,,,,,,,,,,,,,,,,,,,,,,,,,,,,,,,,,,,,,,,,,,,,,,,,,,,,,,,,,,,,,,,,,,,,,,,,,,,,,,,,,,,,,,,,,,,,,,,,,,,,,,,,,,,,,,,,,,,,,,,,,,,,,,,,,,,,,,,,,,,,,,,,,,,,,,,,,,,,,,,,,,,,,,,,,,,,,,,Arena,8,16
257,0851EE70,0x851f8c8,0x851ee60,1,9,30,64.0,128.0,2.0,33.0,0.0,0.0,0.0,152.0,152.0,5.0,3.0,1.0,49.0,56.0,200.0,136.0,4.0,3.0,2.0,24.0,17.0,,,,,,,,,,,,,,,,,,,,,,,,,,,,,,,,,,,,,,,,,,,,,,,,,,,,,,,,,,,,,,,,,,,,,,,,,,,,,,,,,,,,,,,,,,,,,,,,,,,,,,,,,,,,,,,,,,,,,,,,,,,,,,,,,,,,,,,,,,,,,,,,,,,,,,,,,,,,,,,,,,,,,,,,,Arena,8,17
258,0851EEF8,0x851f8f8,0x851eee8,1,9,31,64.0,128.0,2.0,33.0,0.0,0.0,0.0,200.0,136.0,4.0,4.0,1.0,72.0,39.0,,,,,,,,,,,,,,,,,,,,,,,,,,,,,,,,,,,,,,,,,,,,,,,,,,,,,,,,,,,,,,,,,,,,,,,,,,,,,,,,,,,,,,,,,,,,,,,,,,,,,,,,,,,,,,,,,,,,,,,,,,,,,,,,,,,,,,,,,,,,,,,,,,,,,,,,,,,,,,,,,,,,,,,,,,,,,,,,Arena,8,18
259,0851EF80,0x851f91c,0x851ef70,1,10,25,40.0,135.0,2.0,15.0,0.0,0.0,0.0,88.0,152.0,2.0,14.0,1.0,11.0,0.0,136.0,135.0,2.0,15.0,2.0,0.0,0.0,200.0,127.0,4.0,2.0,3.0,103.0,1.0,,,,,,,,,,,,,,,,,,,,,,,,,,,,,,,,,,,,,,,,,,,,,,,,,,,,,,,,,,,,,,,,,,,,,,,,,,,,,,,,,,,,,,,,,,,,,,,,,,,,,,,,,,,,,,,,,,,,,,,,,,,,,,,,,,,,,,,,,,,,,,,,,,,,,,,,,,,,,,,,,,Arena,8,19
260,0851F018,0x851f958,0x851eff8,2,10,29,72.0,167.0,2.0,15.0,0.0,0.0,0.0,48.0,191.0,1.0,89.0,1.0,0.0,0.0,304.0,176.0,1.0,87.0,2.0,0.0,0.0,456.0,199.0,2.0,15.0,3.0,0.0,0.0,432.0,223.0,1.0,89.0,4.0,0.0,0.0,221.0,239.0,1.0,85.0,5.0,0.0,0.0,100.0,317.0,1.0,87.0,6.0,0.0,0.0,408.0,399.0,1.0,89.0,7.0,0.0,0.0,72.0,391.0,2.0,15.0,8.0,0.0,0.0,200.0,391.0,2.0,15.0,9.0,0.0,0.0,96.0,415.0,1.0,82.0,10.0,0.0,0.0,184.0,415.0,1.0,89.0,11.0,0.0,0.0,414.0,453.0,1.0,87.0,12.0,0.0,0.0,456.0,519.0,2.0,15.0,13.0,0.0,0.0,384.0,543.0,1.0,89.0,14.0,0.0,0.0,227.0,551.0,1.0,87.0,15.0,0.0,0.0,112.0,623.0,1.0,89.0,16.0,0.0,0.0,192.0,623.0,1.0,85.0,17.0,0.0,0.0,84.0,603.0,1.0,87.0,18.0,0.0,0.0,72.0,647.0,2.0,15.0,19.0,0.0,0.0,456.0,647.0,2.0,15.0,20.0,0.0,0.0,240.0,671.0,1.0,89.0,21.0,0.0,0.0,,,,,,,,,,,,,,,,,,,,,,,,,,,,,,,,,,,,Arena,8,20
261,0851F0B0,0x851fa6c,0x851f090,2,12,31,232.0,160.0,2.0,0.0,0.0,0.0,0.0,,,,,,,,,,,,,,,,,,,,,,,,,,,,,,,,,,,,,,,,,,,,,,,,,,,,,,,,,,,,,,,,,,,,,,,,,,,,,,,,,,,,,,,,,,,,,,,,,,,,,,,,,,,,,,,,,,,,,,,,,,,,,,,,,,,,,,,,,,,,,,,,,,,,,,,,,,,,,,,,,,,,,,,,,,,,,,,,,,,,,,,Arena,8,21
262,0851F128,0x8510f84,0x851f118,1,2,29,0.0,0.0,2.0,29.0,0.0,1.0,0.0,0.0,0.0,2.0,28.0,1.0,0.0,0.0,,,,,,,,,,,,,,,,,,,,,,,,,,,,,,,,,,,,,,,,,,,,,,,,,,,,,,,,,,,,,,,,,,,,,,,,,,,,,,,,,,,,,,,,,,,,,,,,,,,,,,,,,,,,,,,,,,,,,,,,,,,,,,,,,,,,,,,,,,,,,,,,,,,,,,,,,,,,,,,,,,,,,,,,,,,,,,,,Arena,8,22
263,0851F1A8,0x8510a44,0x851f198,1,11,28,0.0,0.0,2.0,31.0,0.0,0.0,0.0,224.0,160.0,2.0,29.0,1.0,0.0,0.0,,,,,,,,,,,,,,,,,,,,,,,,,,,,,,,,,,,,,,,,,,,,,,,,,,,,,,,,,,,,,,,,,,,,,,,,,,,,,,,,,,,,,,,,,,,,,,,,,,,,,,,,,,,,,,,,,,,,,,,,,,,,,,,,,,,,,,,,,,,,,,,,,,,,,,,,,,,,,,,,,,,,,,,,,,,,,,,,Arena,8,23
264,0851FAF0,0x8520bac,0x851fae0,1,24,3,64.0,167.0,4.0,4.0,0.0,55.0,8.0,120.0,168.0,4.0,6.0,1.0,10.0,3.0,,,,,,,,,,,,,,,,,,,,,,,,,,,,,,,,,,,,,,,,,,,,,,,,,,,,,,,,,,,,,,,,,,,,,,,,,,,,,,,,,,,,,,,,,,,,,,,,,,,,,,,,,,,,,,,,,,,,,,,,,,,,,,,,,,,,,,,,,,,,,,,,,,,,,,,,,,,,,,,,,,,,,,,,,,,,,,,,Top Floor,9,1
265,0851FB98,0x8520bd0,0x851fb68,3,24,3,88.0,423.0,4.0,2.0,0.0,116.0,7.0,128.0,128.0,2.0,7.0,1.0,2.0,4.0,176.0,64.0,2.0,18.0,2.0,3.0,0.0,208.0,431.0,1.0,87.0,3.0,0.0,0.0,272.0,431.0,1.0,87.0,4.0,0.0,0.0,504.0,160.0,2.0,2.0,5.0,0.0,0.0,976.0,87.0,5.0,4.0,6.0,70.0,37.0,,,,,,,,,,,,,,,,,,,,,,,,,,,,,,,,,,,,,,,,,,,,,,,,,,,,,,,,,,,,,,,,,,,,,,,,,,,,,,,,,,,,,,,,,,,,,,,,,,,,,,,,,,,,,,,,,,,,,,,,,,,,,,,,,,,,,,,,,,,,,Top Floor,9,2
266,0851FC28,0x8520c30,0x851fc18,1,24,9,128.0,103.0,4.0,3.0,0.0,44.0,48.0,,,,,,,,,,,,,,,,,,,,,,,,,,,,,,,,,,,,,,,,,,,,,,,,,,,,,,,,,,,,,,,,,,,,,,,,,,,,,,,,,,,,,,,,,,,,,,,,,,,,,,,,,,,,,,,,,,,,,,,,,,,,,,,,,,,,,,,,,,,,,,,,,,,,,,,,,,,,,,,,,,,,,,,,,,,,,,,,,,,,,,,Top Floor,9,3
267,0851FCD8,0x8520c48,0x851fca8,3,24,10,80.0,359.0,2.0,15.0,0.0,1536.0,0.0,112.0,231.0,2.0,15.0,1.0,1536.0,0.0,128.0,48.0,2.0,8.0,2.0,13.0,42.0,144.0,391.0,2.0,15.0,3.0,1536.0,0.0,160.0,208.0,1.0,98.0,4.0,0.0,0.0,256.0,447.0,1.0,103.0,5.0,0.0,0.0,336.0,231.0,2.0,15.0,6.0,1536.0,0.0,384.0,287.0,1.0,87.0,7.0,0.0,0.0,432.0,391.0,2.0,15.0,8.0,1536.0,0.0,464.0,103.0,2.0,15.0,9.0,1536.0,0.0,,,,,,,,,,,,,,,,,,,,,,,,,,,,,,,,,,,,,,,,,,,,,,,,,,,,,,,,,,,,,,,,,,,,,,,,,,,,,,,,,,,,,,,,,,,,,,,,,,,,,,,,,,,,,,,,,,,,,,,,Top Floor,9,4
268,0851FD70,0x8520ccc,0x851fd50,2,25,3,8.0,160.0,2.0,2.0,0.0,1.0,0.0,233.0,175.0,1.0,111.0,1.0,1.0,0.0,233.0,160.0,2.0,2.0,2.0,1.0,0.0,,,,,,,,,,,,,,,,,,,,,,,,,,,,,,,,,,,,,,,,,,,,,,,,,,,,,,,,,,,,,,,,,,,,,,,,,,,,,,,,,,,,,,,,,,,,,,,,,,,,,,,,,,,,,,,,,,,,,,,,,,,,,,,,,,,,,,,,,,,,,,,,,,,,,,,,,,,,,,,,,,,,,,,,,Top Floor,9,5
269,0851FE20,0x8520cfc,0x851fe00,2,25,9,224.0,152.0,2.0,14.0,0.0,12.0,0.0,296.0,119.0,3.0,0.0,1.0,0.0,0.0,344.0,119.0,3.0,0.0,2.0,0.0,0.0,376.0,191.0,1.0,101.0,3.0,0.0,0.0,392.0,119.0,3.0,0.0,4.0,0.0,0.0,440.0,119.0,3.0,0.0,5.0,0.0,0.0,496.0,135.0,2.0,8.0,6.0,14.0,43.0,,,,,,,,,,,,,,,,,,,,,,,,,,,,,,,,,,,,,,,,,,,,,,,,,,,,,,,,,,,,,,,,,,,,,,,,,,,,,,,,,,,,,,,,,,,,,,,,,,,,,,,,,,,,,,,,,,,,,,,,,,,,,,,,,,,,,,,,,,,,,Top Floor,9,6
270,0851FEC0,0x8520d5c,0x851feb0,1,27,9,104.0,152.0,2.0,14.0,0.0,12.0,0.0,152.0,144.0,4.0,8.0,1.0,5.0,5.0,,,,,,,,,,,,,,,,,,,,,,,,,,,,,,,,,,,,,,,,,,,,,,,,,,,,,,,,,,,,,,,,,,,,,,,,,,,,,,,,,,,,,,,,,,,,,,,,,,,,,,,,,,,,,,,,,,,,,,,,,,,,,,,,,,,,,,,,,,,,,,,,,,,,,,,,,,,,,,,,,,,,,,,,,,,,,,,,Top Floor,9,7
271,0851FF60,0x8520d80,0x851ff40,2,26,10,0.0,0.0,2.0,7.0,0.0,1.0,51.0,0.0,0.0,2.0,7.0,1.0,1.0,52.0,0.0,0.0,2.0,7.0,2.0,1.0,53.0,144.0,112.0,1.0,99.0,3.0,0.0,0.0,256.0,191.0,1.0,97.0,4.0,0.0,0.0,352.0,112.0,1.0,99.0,5.0,0.0,0.0,,,,,,,,,,,,,,,,,,,,,,,,,,,,,,,,,,,,,,,,,,,,,,,,,,,,,,,,,,,,,,,,,,,,,,,,,,,,,,,,,,,,,,,,,,,,,,,,,,,,,,,,,,,,,,,,,,,,,,,,,,,,,,,,,,,,,,,,,,,,,,,,,,,,Top Floor,9,8
272,08520000,0x8520dd4,0x851ffe0,2,26,11,0.0,0.0,2.0,7.0,0.0,1.0,51.0,0.0,0.0,2.0,7.0,1.0,1.0,52.0,0.0,0.0,2.0,7.0,2.0,1.0,53.0,352.0,191.0,1.0,103.0,3.0,0.0,0.0,464.0,151.0,4.0,4.0,4.0,69.0,36.0,,,,,,,,,,,,,,,,,,,,,,,,,,,,,,,,,,,,,,,,,,,,,,,,,,,,,,,,,,,,,,,,,,,,,,,,,,,,,,,,,,,,,,,,,,,,,,,,,,,,,,,,,,,,,,,,,,,,,,,,,,,,,,,,,,,,,,,,,,,,,,,,,,,,,,,,,,,Top Floor,9,9
273,085200B0,0x8520e1c,0x8520080,3,26,12,0.0,0.0,2.0,7.0,0.0,1.0,51.0,0.0,0.0,2.0,7.0,1.0,1.0,52.0,0.0,0.0,2.0,7.0,2.0,1.0,53.0,240.0,135.0,2.0,15.0,3.0,0.0,0.0,277.0,112.0,1.0,98.0,4.0,0.0,0.0,277.0,191.0,1.0,95.0,5.0,0.0,0.0,432.0,120.0,1.0,87.0,6.0,0.0,0.0,432.0,135.0,2.0,15.0,7.0,0.0,0.0,,,,,,,,,,,,,,,,,,,,,,,,,,,,,,,,,,,,,,,,,,,,,,,,,,,,,,,,,,,,,,,,,,,,,,,,,,,,,,,,,,,,,,,,,,,,,,,,,,,,,,,,,,,,,,,,,,,,,,,,,,,,,,,,,,,,,,Top Floor,9,10
274,08520160,0x8520e88,0x8520130,3,26,13,8.0,160.0,2.0,0.0,0.0,0.0,0.0,128.0,184.0,2.0,14.0,1.0,13.0,0.0,192.0,184.0,2.0,14.0,2.0,13.0,0.0,256.0,184.0,2.0,14.0,3.0,13.0,0.0,320.0,184.0,2.0,14.0,4.0,13.0,0.0,384.0,184.0,2.0,14.0,5.0,13.0,0.0,504.0,160.0,2.0,0.0,6.0,0.0,0.0,,,,,,,,,,,,,,,,,,,,,,,,,,,,,,,,,,,,,,,,,,,,,,,,,,,,,,,,,,,,,,,,,,,,,,,,,,,,,,,,,,,,,,,,,,,,,,,,,,,,,,,,,,,,,,,,,,,,,,,,,,,,,,,,,,,,,,,,,,,,,Top Floor,9,11
275,08520240,0x8520ee8,0x85201f0,5,28,4,160.0,80.0,2.0,18.0,0.0,3.0,0.0,120.0,104.0,3.0,0.0,1.0,15.0,0.0,168.0,104.0,3.0,0.0,2.0,15.0,0.0,48.0,128.0,2.0,45.0,3.0,0.0,0.0,120.0,295.0,3.0,0.0,4.0,15.0,0.0,168.0,295.0,3.0,0.0,5.0,15.0,0.0,72.0,391.0,3.0,0.0,6.0,15.0,0.0,120.0,391.0,3.0,0.0,7.0,15.0,0.0,168.0,391.0,3.0,0.0,8.0,15.0,0.0,,,,,,,,,,,,,,,,,,,,,,,,,,,,,,,,,,,,,,,,,,,,,,,,,,,,,,,,,,,,,,,,,,,,,,,,,,,,,,,,,,,,,,,,,,,,,,,,,,,,,,,,,,,,,,,,,,,,,,,,,,,,,,,Top Floor,9,12
276,08520320,0x8520f60,0x85202d0,5,28,6,200.0,95.0,2.0,14.0,0.0,1.0,0.0,160.0,112.0,2.0,18.0,1.0,3.0,0.0,32.0,159.0,2.0,14.0,2.0,1.0,0.0,104.0,167.0,3.0,0.0,3.0,15.0,0.0,152.0,167.0,3.0,0.0,4.0,15.0,0.0,104.0,295.0,3.0,0.0,5.0,15.0,0.0,152.0,295.0,3.0,0.0,6.0,15.0,0.0,200.0,295.0,3.0,0.0,7.0,15.0,0.0,56.0,391.0,3.0,0.0,8.0,15.0,0.0,104.0,391.0,3.0,0.0,9.0,15.0,0.0,152.0,391.0,3.0,0.0,10.0,15.0,0.0,200.0,391.0,3.0,0.0,11.0,15.0,0.0,,,,,,,,,,,,,,,,,,,,,,,,,,,,,,,,,,,,,,,,,,,,,,,,,,,,,,,,,,,,,,,,,,,,,,,,,,,,,,,,,,,,,,,,,,,,,,,,,,,,,,,,,,Top Floor,9,13
277,085203E0,0x8520ffc,0x85203b0,3,28,8,144.0,112.0,2.0,46.0,0.0,0.0,0.0,144.0,240.0,2.0,46.0,1.0,0.0,0.0,168.0,119.0,3.0,0.0,2.0,15.0,0.0,168.0,247.0,3.0,0.0,3.0,15.0,0.0,168.0,391.0,3.0,0.0,4.0,15.0,0.0,216.0,111.0,1.0,94.0,5.0,0.0,0.0,240.0,112.0,2.0,46.0,6.0,0.0,0.0,240.0,240.0,2.0,46.0,7.0,0.0,0.0,240.0,368.0,2.0,46.0,8.0,0.0,0.0,240.0,286.0,1.0,95.0,9.0,1.0,0.0,240.0,384.0,1.0,87.0,10.0,0.0,0.0,240.0,399.0,1.0,95.0,11.0,1.0,0.0,264.0,119.0,3.0,0.0,12.0,15.0,0.0,264.0,247.0,3.0,0.0,13.0,15.0,0.0,264.0,407.0,3.0,0.0,14.0,15.0,0.0,336.0,112.0,2.0,46.0,15.0,0.0,0.0,336.0,240.0,2.0,46.0,16.0,0.0,0.0,336.0,368.0,2.0,46.0,17.0,0.0,0.0,360.0,119.0,3.0,0.0,18.0,15.0,0.0,360.0,215.0,3.0,0.0,19.0,15.0,0.0,360.0,407.0,3.0,0.0,20.0,15.0,0.0,384.0,112.0,1.0,87.0,21.0,0.0,0.0,,,,,,,,,,,,,,,,,,,,,,,,,,,,,,,,,,,,Top Floor,9,14
278,08520490,0x8521110,0x8520460,3,28,10,0.0,0.0,2.0,7.0,0.0,1.0,51.0,0.0,0.0,2.0,7.0,1.0,1.0,52.0,0.0,0.0,2.0,7.0,2.0,1.0,53.0,128.0,191.0,1.0,95.0,3.0,0.0,0.0,208.0,128.0,1.0,98.0,4.0,0.0,0.0,208.0,191.0,1.0,88.0,5.0,0.0,0.0,304.0,191.0,1.0,95.0,6.0,0.0,0.0,,,,,,,,,,,,,,,,,,,,,,,,,,,,,,,,,,,,,,,,,,,,,,,,,,,,,,,,,,,,,,,,,,,,,,,,,,,,,,,,,,,,,,,,,,,,,,,,,,,,,,,,,,,,,,,,,,,,,,,,,,,,,,,,,,,,,,,,,,,,,Top Floor,9,15
279,08520540,0x8521170,0x8520520,2,28,11,80.0,391.0,2.0,15.0,0.0,1536.0,0.0,144.0,231.0,2.0,15.0,1.0,1536.0,0.0,176.0,287.0,1.0,100.0,2.0,0.0,0.0,176.0,368.0,1.0,87.0,3.0,0.0,0.0,176.0,447.0,1.0,103.0,4.0,0.0,0.0,272.0,391.0,2.0,15.0,5.0,1536.0,0.0,448.0,127.0,2.0,14.0,6.0,1.0,0.0,,,,,,,,,,,,,,,,,,,,,,,,,,,,,,,,,,,,,,,,,,,,,,,,,,,,,,,,,,,,,,,,,,,,,,,,,,,,,,,,,,,,,,,,,,,,,,,,,,,,,,,,,,,,,,,,,,,,,,,,,,,,,,,,,,,,,,,,,,,,,Top Floor,9,16
280,085205E0,0x85211d0,0x85205d0,1,29,4,72.0,135.0,3.0,0.0,0.0,15.0,0.0,120.0,135.0,3.0,0.0,1.0,15.0,0.0,176.0,151.0,4.0,2.0,2.0,117.0,7.0,206.0,82.0,2.0,18.0,3.0,2.0,0.0,,,,,,,,,,,,,,,,,,,,,,,,,,,,,,,,,,,,,,,,,,,,,,,,,,,,,,,,,,,,,,,,,,,,,,,,,,,,,,,,,,,,,,,,,,,,,,,,,,,,,,,,,,,,,,,,,,,,,,,,,,,,,,,,,,,,,,,,,,,,,,,,,,,,,,,,,,,,,,,,,,Top Floor,9,17
281,08520680,0x852120c,0x8520670,1,29,5,72.0,135.0,3.0,0.0,0.0,15.0,0.0,120.0,135.0,3.0,0.0,1.0,15.0,0.0,176.0,159.0,2.0,14.0,2.0,1.0,0.0,206.0,82.0,2.0,18.0,3.0,2.0,0.0,,,,,,,,,,,,,,,,,,,,,,,,,,,,,,,,,,,,,,,,,,,,,,,,,,,,,,,,,,,,,,,,,,,,,,,,,,,,,,,,,,,,,,,,,,,,,,,,,,,,,,,,,,,,,,,,,,,,,,,,,,,,,,,,,,,,,,,,,,,,,,,,,,,,,,,,,,,,,,,,,,Top Floor,9,18
282,08520740,0x8521248,0x8520720,2,29,7,72.0,64.0,2.0,19.0,0.0,1.0,46.0,144.0,192.0,2.0,9.0,1.0,8.0,46.0,336.0,128.0,2.0,15.0,2.0,0.0,0.0,464.0,128.0,2.0,15.0,4.0,0.0,0.0,592.0,128.0,2.0,15.0,5.0,0.0,0.0,760.0,160.0,2.0,0.0,6.0,0.0,0.0,,,,,,,,,,,,,,,,,,,,,,,,,,,,,,,,,,,,,,,,,,,,,,,,,,,,,,,,,,,,,,,,,,,,,,,,,,,,,,,,,,,,,,,,,,,,,,,,,,,,,,,,,,,,,,,,,,,,,,,,,,,,,,,,,,,,,,,,,,,,,,,,,,,,Top Floor,9,19
283,08520810,0x852129c,0x85207c0,5,30,10,128.0,112.0,1.0,99.0,0.0,0.0,0.0,80.0,135.0,2.0,15.0,1.0,1536.0,0.0,160.0,135.0,2.0,15.0,2.0,1536.0,0.0,192.0,272.0,1.0,99.0,3.0,0.0,0.0,48.0,295.0,2.0,15.0,4.0,1536.0,0.0,192.0,295.0,2.0,15.0,5.0,1536.0,0.0,128.0,432.0,1.0,99.0,6.0,0.0,0.0,48.0,455.0,2.0,15.0,7.0,1536.0,0.0,192.0,455.0,2.0,15.0,8.0,1536.0,0.0,128.0,624.0,1.0,99.0,9.0,0.0,0.0,80.0,647.0,2.0,15.0,10.0,1536.0,0.0,160.0,647.0,2.0,15.0,11.0,1536.0,0.0,,,,,,,,,,,,,,,,,,,,,,,,,,,,,,,,,,,,,,,,,,,,,,,,,,,,,,,,,,,,,,,,,,,,,,,,,,,,,,,,,,,,,,,,,,,,,,,,,,,,,,,,,,Top Floor,9,20
284,085208A0,0x8521338,0x8520890,1,31,10,128.0,191.0,2.0,14.0,0.0,1.0,0.0,,,,,,,,,,,,,,,,,,,,,,,,,,,,,,,,,,,,,,,,,,,,,,,,,,,,,,,,,,,,,,,,,,,,,,,,,,,,,,,,,,,,,,,,,,,,,,,,,,,,,,,,,,,,,,,,,,,,,,,,,,,,,,,,,,,,,,,,,,,,,,,,,,,,,,,,,,,,,,,,,,,,,,,,,,,,,,,,,,,,,,,Top Floor,9,21
285,08520940,0x8521350,0x8520930,1,31,12,112.0,135.0,2.0,15.0,0.0,1536.0,0.0,144.0,151.0,4.0,2.0,1.0,112.0,2.0,176.0,135.0,2.0,15.0,2.0,1536.0,0.0,,,,,,,,,,,,,,,,,,,,,,,,,,,,,,,,,,,,,,,,,,,,,,,,,,,,,,,,,,,,,,,,,,,,,,,,,,,,,,,,,,,,,,,,,,,,,,,,,,,,,,,,,,,,,,,,,,,,,,,,,,,,,,,,,,,,,,,,,,,,,,,,,,,,,,,,,,,,,,,,,,,,,,,,,Top Floor,9,22
286,085209B8,0x8510f84,0x85209a8,1,29,6,0.0,0.0,2.0,29.0,0.0,1.0,0.0,0.0,0.0,2.0,28.0,1.0,0.0,0.0,,,,,,,,,,,,,,,,,,,,,,,,,,,,,,,,,,,,,,,,,,,,,,,,,,,,,,,,,,,,,,,,,,,,,,,,,,,,,,,,,,,,,,,,,,,,,,,,,,,,,,,,,,,,,,,,,,,,,,,,,,,,,,,,,,,,,,,,,,,,,,,,,,,,,,,,,,,,,,,,,,,,,,,,,,,,,,,,Top Floor,9,23
287,08520A80,0x8521380,0x8520a30,5,24,5,80.0,119.0,4.0,3.0,0.0,32.0,15.0,176.0,927.0,1.0,100.0,1.0,0.0,0.0,200.0,600.0,1.0,98.0,2.0,0.0,0.0,344.0,735.0,1.0,88.0,3.0,0.0,0.0,352.0,191.0,1.0,98.0,4.0,0.0,0.0,565.0,415.0,1.0,98.0,5.0,0.0,0.0,584.0,927.0,1.0,100.0,6.0,0.0,0.0,768.0,735.0,1.0,88.0,7.0,0.0,0.0,840.0,927.0,1.0,100.0,8.0,0.0,0.0,,,,,,,,,,,,,,,,,,,,,,,,,,,,,,,,,,,,,,,,,,,,,,,,,,,,,,,,,,,,,,,,,,,,,,,,,,,,,,,,,,,,,,,,,,,,,,,,,,,,,,,,,,,,,,,,,,,,,,,,,,,,,,,Top Floor,9,24
288,08520B08,0x85213f8,0x8520ae8,2,32,7,,,,,,,,,,,,,,,,,,,,,,,,,,,,,,,,,,,,,,,,,,,,,,,,,,,,,,,,,,,,,,,,,,,,,,,,,,,,,,,,,,,,,,,,,,,,,,,,,,,,,,,,,,,,,,,,,,,,,,,,,,,,,,,,,,,,,,,,,,,,,,,,,,,,,,,,,,,,,,,,,,,,,,,,,,,,,,,,,,,,,,,,,,,,,,Top Floor,9,25
289,08520B88,0x8510a44,0x8520b78,1,31,11,0.0,0.0,2.0,31.0,0.0,0.0,0.0,224.0,160.0,2.0,29.0,1.0,0.0,0.0,,,,,,,,,,,,,,,,,,,,,,,,,,,,,,,,,,,,,,,,,,,,,,,,,,,,,,,,,,,,,,,,,,,,,,,,,,,,,,,,,,,,,,,,,,,,,,,,,,,,,,,,,,,,,,,,,,,,,,,,,,,,,,,,,,,,,,,,,,,,,,,,,,,,,,,,,,,,,,,,,,,,,,,,,,,,,,,,Top Floor,9,26
290,08521478,0x8521b14,0x8521458,2,34,29,0.0,0.0,2.0,7.0,0.0,1.0,29.0,0.0,0.0,2.0,7.0,1.0,1.0,30.0,0.0,0.0,2.0,7.0,2.0,1.0,31.0,8.0,160.0,2.0,0.0,3.0,0.0,0.0,240.0,175.0,1.0,70.0,4.0,0.0,0.0,320.0,175.0,1.0,70.0,5.0,0.0,0.0,496.0,143.0,1.0,86.0,6.0,0.0,0.0,688.0,159.0,1.0,75.0,7.0,0.0,0.0,896.0,143.0,1.0,86.0,8.0,0.0,0.0,,,,,,,,,,,,,,,,,,,,,,,,,,,,,,,,,,,,,,,,,,,,,,,,,,,,,,,,,,,,,,,,,,,,,,,,,,,,,,,,,,,,,,,,,,,,,,,,,,,,,,,,,,,,,,,,,,,,,,,,,,,,,,,Forbidden Area,9,1
291,08521510,0x8521b8c,0x85214f0,2,38,27,48.0,160.0,2.0,53.0,2.0,0.0,48.0,196.0,160.0,2.0,53.0,3.0,1.0,48.0,,,,,,,,,,,,,,,,,,,,,,,,,,,,,,,,,,,,,,,,,,,,,,,,,,,,,,,,,,,,,,,,,,,,,,,,,,,,,,,,,,,,,,,,,,,,,,,,,,,,,,,,,,,,,,,,,,,,,,,,,,,,,,,,,,,,,,,,,,,,,,,,,,,,,,,,,,,,,,,,,,,,,,,,,,,,,,,,Forbidden Area,9,2
292,085215B8,0x8521bb0,0x8521588,3,38,28,0.0,0.0,2.0,7.0,0.0,1.0,29.0,0.0,0.0,2.0,7.0,1.0,1.0,31.0,64.0,176.0,1.0,87.0,2.0,0.0,0.0,165.0,282.0,1.0,87.0,3.0,0.0,0.0,,,,,,,,,,,,,,,,,,,,,,,,,,,,,,,,,,,,,,,,,,,,,,,,,,,,,,,,,,,,,,,,,,,,,,,,,,,,,,,,,,,,,,,,,,,,,,,,,,,,,,,,,,,,,,,,,,,,,,,,,,,,,,,,,,,,,,,,,,,,,,,,,,,,,,,,,,,,,,,,,,Forbidden Area,9,3
293,08521650,0x8521bec,0x8521630,2,39,29,0.0,0.0,2.0,7.0,0.0,1.0,29.0,0.0,0.0,2.0,7.0,1.0,1.0,30.0,0.0,0.0,2.0,7.0,2.0,1.0,31.0,320.0,159.0,1.0,77.0,3.0,0.0,0.0,534.0,153.0,1.0,71.0,4.0,0.0,0.0,768.0,191.0,1.0,70.0,5.0,0.0,0.0,880.0,191.0,1.0,70.0,6.0,0.0,0.0,,,,,,,,,,,,,,,,,,,,,,,,,,,,,,,,,,,,,,,,,,,,,,,,,,,,,,,,,,,,,,,,,,,,,,,,,,,,,,,,,,,,,,,,,,,,,,,,,,,,,,,,,,,,,,,,,,,,,,,,,,,,,,,,,,,,,,,,,,,,,Forbidden Area,9,4
294,085216D8,0x8521c4c,0x85216c8,1,42,31,0.0,0.0,2.0,7.0,0.0,1.0,29.0,48.0,88.0,4.0,3.0,1.0,35.0,25.0,,,,,,,,,,,,,,,,,,,,,,,,,,,,,,,,,,,,,,,,,,,,,,,,,,,,,,,,,,,,,,,,,,,,,,,,,,,,,,,,,,,,,,,,,,,,,,,,,,,,,,,,,,,,,,,,,,,,,,,,,,,,,,,,,,,,,,,,,,,,,,,,,,,,,,,,,,,,,,,,,,,,,,,,,,,,,,,,Forbidden Area,9,5
295,08521780,0x8521c70,0x8521750,3,43,30,0.0,0.0,2.0,7.0,0.0,1.0,29.0,16.0,384.0,2.0,8.0,1.0,7.0,44.0,162.0,408.0,1.0,7.0,2.0,0.0,0.0,208.0,447.0,1.0,65.0,3.0,3.0,0.0,256.0,385.0,1.0,7.0,4.0,0.0,0.0,304.0,142.0,1.0,56.0,5.0,0.0,0.0,560.0,120.0,1.0,56.0,6.0,0.0,0.0,592.0,308.0,1.0,7.0,7.0,0.0,0.0,,,,,,,,,,,,,,,,,,,,,,,,,,,,,,,,,,,,,,,,,,,,,,,,,,,,,,,,,,,,,,,,,,,,,,,,,,,,,,,,,,,,,,,,,,,,,,,,,,,,,,,,,,,,,,,,,,,,,,,,,,,,,,,,,,,,,,Forbidden Area,9,6
296,08521808,0x8521cdc,0x85217f8,1,38,32,0.0,0.0,2.0,7.0,0.0,1.0,29.0,0.0,0.0,2.0,7.0,1.0,1.0,32.0,128.0,191.0,1.0,96.0,2.0,1.0,0.0,208.0,88.0,4.0,3.0,3.0,36.0,22.0,,,,,,,,,,,,,,,,,,,,,,,,,,,,,,,,,,,,,,,,,,,,,,,,,,,,,,,,,,,,,,,,,,,,,,,,,,,,,,,,,,,,,,,,,,,,,,,,,,,,,,,,,,,,,,,,,,,,,,,,,,,,,,,,,,,,,,,,,,,,,,,,,,,,,,,,,,,,,,,,,,Forbidden Area,9,7
297,08521890,0x8521d18,0x8521870,2,33,29,,,,,,,,,,,,,,,,,,,,,,,,,,,,,,,,,,,,,,,,,,,,,,,,,,,,,,,,,,,,,,,,,,,,,,,,,,,,,,,,,,,,,,,,,,,,,,,,,,,,,,,,,,,,,,,,,,,,,,,,,,,,,,,,,,,,,,,,,,,,,,,,,,,,,,,,,,,,,,,,,,,,,,,,,,,,,,,,,,,,,,,,,,,,,,Forbidden Area,9,8
298,08521928,0x8521d24,0x8521908,2,46,31,0.0,0.0,2.0,7.0,0.0,1.0,29.0,0.0,0.0,2.0,7.0,1.0,1.0,31.0,,,,,,,,,,,,,,,,,,,,,,,,,,,,,,,,,,,,,,,,,,,,,,,,,,,,,,,,,,,,,,,,,,,,,,,,,,,,,,,,,,,,,,,,,,,,,,,,,,,,,,,,,,,,,,,,,,,,,,,,,,,,,,,,,,,,,,,,,,,,,,,,,,,,,,,,,,,,,,,,,,,,,,,,,,,,,,,,Forbidden Area,9,9
299,085219C0,0x8521d48,0x85219a0,2,46,32,0.0,0.0,2.0,7.0,0.0,1.0,29.0,0.0,0.0,2.0,7.0,1.0,1.0,31.0,83.0,191.0,1.0,73.0,2.0,0.0,0.0,132.0,296.0,1.0,73.0,3.0,0.0,0.0,,,,,,,,,,,,,,,,,,,,,,,,,,,,,,,,,,,,,,,,,,,,,,,,,,,,,,,,,,,,,,,,,,,,,,,,,,,,,,,,,,,,,,,,,,,,,,,,,,,,,,,,,,,,,,,,,,,,,,,,,,,,,,,,,,,,,,,,,,,,,,,,,,,,,,,,,,,,,,,,,,Forbidden Area,9,10
300,08521A58,0x8521d84,0x8521a38,2,38,33,0.0,0.0,2.0,7.0,0.0,1.0,29.0,0.0,0.0,2.0,7.0,1.0,1.0,31.0,256.0,159.0,1.0,104.0,2.0,0.0,0.0,432.0,159.0,1.0,86.0,3.0,0.0,0.0,752.0,191.0,1.0,86.0,4.0,0.0,0.0,1072.0,159.0,1.0,86.0,5.0,0.0,0.0,1152.0,152.0,2.0,24.0,6.0,0.0,0.0,1280.0,159.0,1.0,86.0,7.0,0.0,0.0,1408.0,152.0,2.0,24.0,8.0,0.0,0.0,1792.0,159.0,1.0,104.0,9.0,0.0,0.0,,,,,,,,,,,,,,,,,,,,,,,,,,,,,,,,,,,,,,,,,,,,,,,,,,,,,,,,,,,,,,,,,,,,,,,,,,,,,,,,,,,,,,,,,,,,,,,,,,,,,,,,,,,,,,,,,,,,,,,,Forbidden Area,9,11
301,08521AF0,0x8521e08,0x8521ad0,2,37,32,0.0,0.0,2.0,7.0,0.0,1.0,29.0,0.0,0.0,2.0,7.0,1.0,1.0,31.0,66.0,117.0,1.0,87.0,2.0,0.0,0.0,176.0,270.0,1.0,87.0,3.0,0.0,0.0,64.0,408.0,2.0,24.0,4.0,1.0,0.0,,,,,,,,,,,,,,,,,,,,,,,,,,,,,,,,,,,,,,,,,,,,,,,,,,,,,,,,,,,,,,,,,,,,,,,,,,,,,,,,,,,,,,,,,,,,,,,,,,,,,,,,,,,,,,,,,,,,,,,,,,,,,,,,,,,,,,,,,,,,,,,,,,,,,,,,,,,Forbidden Area,9,12
302,08521EAC,0x85236c8,0x8521e9c,1,1,37,0.0,0.0,2.0,7.0,0.0,3.0,0.0,120.0,152.0,6.0,4.0,1.0,76.0,44.0,,,,,,,,,,,,,,,,,,,,,,,,,,,,,,,,,,,,,,,,,,,,,,,,,,,,,,,,,,,,,,,,,,,,,,,,,,,,,,,,,,,,,,,,,,,,,,,,,,,,,,,,,,,,,,,,,,,,,,,,,,,,,,,,,,,,,,,,,,,,,,,,,,,,,,,,,,,,,,,,,,,,,,,,,,,,,,,,Chaotic Realm,10,1
303,08521F24,0x8510f84,0x8521f14,1,1,40,0.0,0.0,2.0,29.0,0.0,1.0,0.0,0.0,0.0,2.0,28.0,1.0,0.0,0.0,,,,,,,,,,,,,,,,,,,,,,,,,,,,,,,,,,,,,,,,,,,,,,,,,,,,,,,,,,,,,,,,,,,,,,,,,,,,,,,,,,,,,,,,,,,,,,,,,,,,,,,,,,,,,,,,,,,,,,,,,,,,,,,,,,,,,,,,,,,,,,,,,,,,,,,,,,,,,,,,,,,,,,,,,,,,,,,,Chaotic Realm,10,2
304,08521FBC,0x85236ec,0x8521f9c,2,1,41,0.0,0.0,2.0,7.0,0.0,3.0,0.0,48.0,144.0,2.0,14.0,1.0,8.0,0.0,,,,,,,,,,,,,,,,,,,,,,,,,,,,,,,,,,,,,,,,,,,,,,,,,,,,,,,,,,,,,,,,,,,,,,,,,,,,,,,,,,,,,,,,,,,,,,,,,,,,,,,,,,,,,,,,,,,,,,,,,,,,,,,,,,,,,,,,,,,,,,,,,,,,,,,,,,,,,,,,,,,,,,,,,,,,,,,,Chaotic Realm,10,3
305,0852205C,0x8523710,0x852203c,2,1,42,0.0,0.0,2.0,7.0,0.0,3.0,0.0,464.0,152.0,2.0,14.0,1.0,12.0,6.0,240.0,216.0,2.0,14.0,2.0,12.0,0.0,88.0,224.0,1.0,98.0,3.0,0.0,0.0,304.0,280.0,2.0,14.0,4.0,12.0,0.0,80.0,312.0,2.0,14.0,5.0,12.0,0.0,232.0,352.0,1.0,98.0,6.0,0.0,0.0,240.0,408.0,2.0,14.0,7.0,12.0,0.0,336.0,512.0,1.0,102.0,8.0,0.0,0.0,432.0,584.0,2.0,14.0,9.0,12.0,0.0,400.0,696.0,2.0,14.0,10.0,12.0,1.0,,,,,,,,,,,,,,,,,,,,,,,,,,,,,,,,,,,,,,,,,,,,,,,,,,,,,,,,,,,,,,,,,,,,,,,,,,,,,,,,,,,,,,,,,,,,,,,,,,,,,,,,,,,,,,,,,Chaotic Realm,10,4
306,08522104,0x85237a0,0x85220d4,3,2,37,0.0,0.0,2.0,7.0,0.0,3.0,0.0,64.0,256.0,1.0,98.0,1.0,0.0,0.0,112.0,352.0,1.0,90.0,2.0,0.0,0.0,,,,,,,,,,,,,,,,,,,,,,,,,,,,,,,,,,,,,,,,,,,,,,,,,,,,,,,,,,,,,,,,,,,,,,,,,,,,,,,,,,,,,,,,,,,,,,,,,,,,,,,,,,,,,,,,,,,,,,,,,,,,,,,,,,,,,,,,,,,,,,,,,,,,,,,,,,,,,,,,,,,,,,,,,Chaotic Realm,10,5
307,085221C4,0x85237d0,0x8522194,3,2,40,0.0,0.0,2.0,7.0,0.0,3.0,0.0,136.0,272.0,2.0,14.0,1.0,0.0,0.0,128.0,352.0,1.0,96.0,2.0,0.0,0.0,,,,,,,,,,,,,,,,,,,,,,,,,,,,,,,,,,,,,,,,,,,,,,,,,,,,,,,,,,,,,,,,,,,,,,,,,,,,,,,,,,,,,,,,,,,,,,,,,,,,,,,,,,,,,,,,,,,,,,,,,,,,,,,,,,,,,,,,,,,,,,,,,,,,,,,,,,,,,,,,,,,,,,,,,Chaotic Realm,10,6
308,0852225C,0x8523800,0x852223c,2,3,37,0.0,0.0,2.0,7.0,0.0,3.0,0.0,256.0,176.0,1.0,92.0,1.0,0.0,0.0,,,,,,,,,,,,,,,,,,,,,,,,,,,,,,,,,,,,,,,,,,,,,,,,,,,,,,,,,,,,,,,,,,,,,,,,,,,,,,,,,,,,,,,,,,,,,,,,,,,,,,,,,,,,,,,,,,,,,,,,,,,,,,,,,,,,,,,,,,,,,,,,,,,,,,,,,,,,,,,,,,,,,,,,,,,,,,,,Chaotic Realm,10,7
309,085222F4,0x8523824,0x85222d4,2,3,38,0.0,0.0,2.0,7.0,0.0,3.0,0.0,0.0,0.0,1.0,57.0,1.0,2.0,3.0,104.0,288.0,2.0,54.0,2.0,0.0,0.0,,,,,,,,,,,,,,,,,,,,,,,,,,,,,,,,,,,,,,,,,,,,,,,,,,,,,,,,,,,,,,,,,,,,,,,,,,,,,,,,,,,,,,,,,,,,,,,,,,,,,,,,,,,,,,,,,,,,,,,,,,,,,,,,,,,,,,,,,,,,,,,,,,,,,,,,,,,,,,,,,,,,,,,,,Chaotic Realm,10,8
310,0852238C,0x8523854,0x852236c,2,3,40,0.0,0.0,2.0,7.0,0.0,3.0,0.0,72.0,168.0,2.0,15.0,1.0,2304.0,0.0,224.0,192.0,1.0,102.0,2.0,0.0,0.0,456.0,200.0,2.0,15.0,3.0,2304.0,0.0,128.0,320.0,1.0,90.0,4.0,0.0,0.0,72.0,392.0,2.0,15.0,5.0,2304.0,0.0,200.0,392.0,2.0,15.0,6.0,2304.0,0.0,256.0,411.0,1.0,95.0,7.0,1.0,0.0,456.0,520.0,2.0,15.0,8.0,2304.0,0.0,416.0,536.0,1.0,95.0,9.0,1.0,0.0,160.0,616.0,1.0,95.0,10.0,1.0,0.0,72.0,648.0,2.0,15.0,11.0,2304.0,0.0,456.0,648.0,2.0,15.0,12.0,2304.0,0.0,352.0,656.0,1.0,95.0,13.0,1.0,0.0,,,,,,,,,,,,,,,,,,,,,,,,,,,,,,,,,,,,,,,,,,,,,,,,,,,,,,,,,,,,,,,,,,,,,,,,,,,,,,,,,,,,,,,,,,,,Chaotic Realm,10,9
311,0852241C,0x8523908,0x85223fc,2,3,43,0.0,0.0,2.0,7.0,0.0,3.0,0.0,144.0,96.0,2.0,15.0,1.0,2304.0,0.0,160.0,432.0,1.0,67.0,2.0,0.0,0.0,240.0,96.0,2.0,15.0,3.0,2304.0,0.0,272.0,256.0,2.0,15.0,4.0,2304.0,1.0,288.0,432.0,1.0,65.0,5.0,6.0,0.0,336.0,96.0,2.0,15.0,6.0,2304.0,0.0,336.0,176.0,1.0,82.0,7.0,0.0,0.0,560.0,144.0,1.0,82.0,8.0,0.0,0.0,656.0,96.0,2.0,15.0,9.0,2304.0,0.0,864.0,400.0,1.0,67.0,10.0,0.0,0.0,896.0,176.0,1.0,82.0,11.0,0.0,0.0,928.0,400.0,1.0,65.0,12.0,3.0,0.0,976.0,96.0,2.0,15.0,13.0,2304.0,0.0,992.0,400.0,1.0,67.0,14.0,0.0,0.0,1024.0,176.0,1.0,82.0,15.0,0.0,0.0,1056.0,400.0,1.0,65.0,16.0,3.0,0.0,1136.0,96.0,2.0,15.0,17.0,2304.0,0.0,1232.0,160.0,2.0,15.0,18.0,2304.0,0.0,1232.0,256.0,2.0,15.0,19.0,2304.0,0.0,,,,,,,,,,,,,,,,,,,,,,,,,,,,,,,,,,,,,,,,,,,,,,,,,,Chaotic Realm,10,10
312,085224B4,0x8523a04,0x8522494,2,4,38,0.0,0.0,2.0,7.0,0.0,3.0,0.0,256.0,176.0,1.0,97.0,1.0,88.0,88.0,,,,,,,,,,,,,,,,,,,,,,,,,,,,,,,,,,,,,,,,,,,,,,,,,,,,,,,,,,,,,,,,,,,,,,,,,,,,,,,,,,,,,,,,,,,,,,,,,,,,,,,,,,,,,,,,,,,,,,,,,,,,,,,,,,,,,,,,,,,,,,,,,,,,,,,,,,,,,,,,,,,,,,,,,,,,,,,,Chaotic Realm,10,11
313,0852253C,0x8523a28,0x852252c,1,4,39,0.0,0.0,2.0,32.0,0.0,22.0,0.0,0.0,0.0,2.0,7.0,1.0,3.0,0.0,0.0,0.0,2.0,7.0,2.0,4.0,45.0,128.0,192.0,2.0,22.0,3.0,0.0,0.0,,,,,,,,,,,,,,,,,,,,,,,,,,,,,,,,,,,,,,,,,,,,,,,,,,,,,,,,,,,,,,,,,,,,,,,,,,,,,,,,,,,,,,,,,,,,,,,,,,,,,,,,,,,,,,,,,,,,,,,,,,,,,,,,,,,,,,,,,,,,,,,,,,,,,,,,,,,,,,,,,,Chaotic Realm,10,12
314,085225E4,0x8523a64,0x85225b4,3,5,37,0.0,0.0,2.0,7.0,0.0,3.0,0.0,256.0,176.0,1.0,93.0,1.0,0.0,0.0,256.0,128.0,3.0,0.0,2.0,0.0,0.0,512.0,128.0,3.0,0.0,3.0,0.0,0.0,512.0,176.0,1.0,100.0,4.0,0.0,0.0,768.0,128.0,3.0,1.0,5.0,0.0,1.0,768.0,176.0,1.0,100.0,6.0,0.0,0.0,1024.0,128.0,3.0,0.0,7.0,0.0,0.0,1024.0,176.0,1.0,93.0,8.0,0.0,0.0,,,,,,,,,,,,,,,,,,,,,,,,,,,,,,,,,,,,,,,,,,,,,,,,,,,,,,,,,,,,,,,,,,,,,,,,,,,,,,,,,,,,,,,,,,,,,,,,,,,,,,,,,,,,,,,,,,,,,,,,,,,,,,,Chaotic Realm,10,13
315,0852269C,0x8523adc,0x852266c,3,5,39,0.0,0.0,2.0,7.0,0.0,3.0,0.0,8.0,160.0,2.0,2.0,1.0,0.0,7.0,,,,,,,,,,,,,,,,,,,,,,,,,,,,,,,,,,,,,,,,,,,,,,,,,,,,,,,,,,,,,,,,,,,,,,,,,,,,,,,,,,,,,,,,,,,,,,,,,,,,,,,,,,,,,,,,,,,,,,,,,,,,,,,,,,,,,,,,,,,,,,,,,,,,,,,,,,,,,,,,,,,,,,,,,,,,,,,,Chaotic Realm,10,14
316,08522764,0x8523b00,0x8522744,2,5,40,0.0,0.0,2.0,7.0,0.0,3.0,0.0,,,,,,,,,,,,,,,,,,,,,,,,,,,,,,,,,,,,,,,,,,,,,,,,,,,,,,,,,,,,,,,,,,,,,,,,,,,,,,,,,,,,,,,,,,,,,,,,,,,,,,,,,,,,,,,,,,,,,,,,,,,,,,,,,,,,,,,,,,,,,,,,,,,,,,,,,,,,,,,,,,,,,,,,,,,,,,,,,,,,,,,Chaotic Realm,10,15
317,08522814,0x8523b18,0x85227e4,3,5,42,0.0,0.0,2.0,7.0,0.0,3.0,0.0,256.0,176.0,1.0,105.0,1.0,0.0,0.0,,,,,,,,,,,,,,,,,,,,,,,,,,,,,,,,,,,,,,,,,,,,,,,,,,,,,,,,,,,,,,,,,,,,,,,,,,,,,,,,,,,,,,,,,,,,,,,,,,,,,,,,,,,,,,,,,,,,,,,,,,,,,,,,,,,,,,,,,,,,,,,,,,,,,,,,,,,,,,,,,,,,,,,,,,,,,,,,Chaotic Realm,10,16
318,08522894,0x8523b3c,0x8522884,1,6,36,0.0,0.0,2.0,7.0,0.0,3.0,0.0,,,,,,,,,,,,,,,,,,,,,,,,,,,,,,,,,,,,,,,,,,,,,,,,,,,,,,,,,,,,,,,,,,,,,,,,,,,,,,,,,,,,,,,,,,,,,,,,,,,,,,,,,,,,,,,,,,,,,,,,,,,,,,,,,,,,,,,,,,,,,,,,,,,,,,,,,,,,,,,,,,,,,,,,,,,,,,,,,,,,,,,Chaotic Realm,10,17
319,0852292C,0x8523b54,0x852290c,2,6,38,0.0,0.0,2.0,7.0,0.0,3.0,0.0,256.0,176.0,1.0,105.0,1.0,0.0,0.0,,,,,,,,,,,,,,,,,,,,,,,,,,,,,,,,,,,,,,,,,,,,,,,,,,,,,,,,,,,,,,,,,,,,,,,,,,,,,,,,,,,,,,,,,,,,,,,,,,,,,,,,,,,,,,,,,,,,,,,,,,,,,,,,,,,,,,,,,,,,,,,,,,,,,,,,,,,,,,,,,,,,,,,,,,,,,,,,Chaotic Realm,10,18
320,085229A4,0x8510f84,0x8522994,1,6,39,0.0,0.0,2.0,29.0,0.0,1.0,0.0,0.0,0.0,2.0,28.0,1.0,0.0,0.0,,,,,,,,,,,,,,,,,,,,,,,,,,,,,,,,,,,,,,,,,,,,,,,,,,,,,,,,,,,,,,,,,,,,,,,,,,,,,,,,,,,,,,,,,,,,,,,,,,,,,,,,,,,,,,,,,,,,,,,,,,,,,,,,,,,,,,,,,,,,,,,,,,,,,,,,,,,,,,,,,,,,,,,,,,,,,,,,Chaotic Realm,10,19
321,08522A3C,0x8523b78,0x8522a1c,2,6,41,0.0,0.0,2.0,7.0,0.0,3.0,0.0,,,,,,,,,,,,,,,,,,,,,,,,,,,,,,,,,,,,,,,,,,,,,,,,,,,,,,,,,,,,,,,,,,,,,,,,,,,,,,,,,,,,,,,,,,,,,,,,,,,,,,,,,,,,,,,,,,,,,,,,,,,,,,,,,,,,,,,,,,,,,,,,,,,,,,,,,,,,,,,,,,,,,,,,,,,,,,,,,,,,,,,Chaotic Realm,10,20
322,08522ABC,0x8523b90,0x8522abc,0,12,36,128.0,128.0,1.0,112.0,1.0,1.0,0.0,0.0,0.0,2.0,7.0,2.0,1.0,66.0,,,,,,,,,,,,,,,,,,,,,,,,,,,,,,,,,,,,,,,,,,,,,,,,,,,,,,,,,,,,,,,,,,,,,,,,,,,,,,,,,,,,,,,,,,,,,,,,,,,,,,,,,,,,,,,,,,,,,,,,,,,,,,,,,,,,,,,,,,,,,,,,,,,,,,,,,,,,,,,,,,,,,,,,,,,,,,,,Chaotic Realm,10,21
323,08522B6C,0x8523bb4,0x8522b4c,2,1,38,0.0,0.0,2.0,7.0,0.0,3.0,0.0,176.0,96.0,2.0,15.0,1.0,2304.0,0.0,176.0,136.0,2.0,15.0,2.0,2304.0,0.0,80.0,144.0,1.0,68.0,3.0,1.0,0.0,48.0,224.0,1.0,89.0,4.0,0.0,0.0,192.0,320.0,1.0,89.0,5.0,0.0,0.0,176.0,392.0,2.0,15.0,6.0,2304.0,0.0,112.0,440.0,1.0,68.0,7.0,0.0,0.0,,,,,,,,,,,,,,,,,,,,,,,,,,,,,,,,,,,,,,,,,,,,,,,,,,,,,,,,,,,,,,,,,,,,,,,,,,,,,,,,,,,,,,,,,,,,,,,,,,,,,,,,,,,,,,,,,,,,,,,,,,,,,,,,,,,,,,Chaotic Realm,10,22
324,08522BDC,0x8523c20,0x8522bdc,0,13,36,0.0,0.0,2.0,7.0,0.0,1.0,37.0,120.0,128.0,1.0,112.0,1.0,1.0,1.0,,,,,,,,,,,,,,,,,,,,,,,,,,,,,,,,,,,,,,,,,,,,,,,,,,,,,,,,,,,,,,,,,,,,,,,,,,,,,,,,,,,,,,,,,,,,,,,,,,,,,,,,,,,,,,,,,,,,,,,,,,,,,,,,,,,,,,,,,,,,,,,,,,,,,,,,,,,,,,,,,,,,,,,,,,,,,,,,Chaotic Realm,10,23
325,08522C54,0x8523c44,0x8522c54,0,14,36,0.0,0.0,2.0,7.0,0.0,1.0,55.0,0.0,0.0,2.0,7.0,1.0,1.0,56.0,0.0,0.0,2.0,7.0,2.0,1.0,57.0,0.0,0.0,2.0,7.0,3.0,1.0,58.0,0.0,0.0,2.0,7.0,4.0,1.0,59.0,138.0,703.0,2.0,32.0,5.0,23.0,0.0,0.0,0.0,2.0,32.0,6.0,24.0,0.0,138.0,703.0,2.0,32.0,7.0,29.0,0.0,,,,,,,,,,,,,,,,,,,,,,,,,,,,,,,,,,,,,,,,,,,,,,,,,,,,,,,,,,,,,,,,,,,,,,,,,,,,,,,,,,,,,,,,,,,,,,,,,,,,,,,,,,,,,,,,,,,,,,,,,,,,,,,,,,,,,,Chaotic Realm,10,24
326,08522CDC,0x8523cb0,0x8522ccc,1,7,41,0.0,0.0,2.0,7.0,0.0,3.0,0.0,48.0,184.0,4.0,2.0,1.0,114.0,2.0,80.0,176.0,1.0,103.0,2.0,0.0,0.0,,,,,,,,,,,,,,,,,,,,,,,,,,,,,,,,,,,,,,,,,,,,,,,,,,,,,,,,,,,,,,,,,,,,,,,,,,,,,,,,,,,,,,,,,,,,,,,,,,,,,,,,,,,,,,,,,,,,,,,,,,,,,,,,,,,,,,,,,,,,,,,,,,,,,,,,,,,,,,,,,,,,,,,,,Chaotic Realm,10,25
327,08522D64,0x8523ce0,0x8522d54,1,7,42,0.0,0.0,2.0,7.0,0.0,3.0,0.0,128.0,184.0,1.0,96.0,1.0,1.0,0.0,,,,,,,,,,,,,,,,,,,,,,,,,,,,,,,,,,,,,,,,,,,,,,,,,,,,,,,,,,,,,,,,,,,,,,,,,,,,,,,,,,,,,,,,,,,,,,,,,,,,,,,,,,,,,,,,,,,,,,,,,,,,,,,,,,,,,,,,,,,,,,,,,,,,,,,,,,,,,,,,,,,,,,,,,,,,,,,,Chaotic Realm,10,26
328,08522E2C,0x8523d04,0x8522dfc,3,8,38,0.0,0.0,2.0,7.0,0.0,3.0,0.0,176.0,304.0,1.0,90.0,1.0,0.0,0.0,,,,,,,,,,,,,,,,,,,,,,,,,,,,,,,,,,,,,,,,,,,,,,,,,,,,,,,,,,,,,,,,,,,,,,,,,,,,,,,,,,,,,,,,,,,,,,,,,,,,,,,,,,,,,,,,,,,,,,,,,,,,,,,,,,,,,,,,,,,,,,,,,,,,,,,,,,,,,,,,,,,,,,,,,,,,,,,,Chaotic Realm,10,27
329,08522ED4,0x8523d28,0x8522ea4,3,8,40,0.0,0.0,2.0,7.0,0.0,3.0,0.0,200.0,136.0,2.0,15.0,1.0,2304.0,0.0,80.0,144.0,1.0,98.0,2.0,0.0,0.0,160.0,336.0,1.0,98.0,3.0,0.0,0.0,40.0,392.0,2.0,15.0,4.0,2304.0,0.0,144.0,608.0,1.0,95.0,5.0,0.0,0.0,,,,,,,,,,,,,,,,,,,,,,,,,,,,,,,,,,,,,,,,,,,,,,,,,,,,,,,,,,,,,,,,,,,,,,,,,,,,,,,,,,,,,,,,,,,,,,,,,,,,,,,,,,,,,,,,,,,,,,,,,,,,,,,,,,,,,,,,,,,,,,,,,,,,Chaotic Realm,10,28
330,08522F64,0x8523d7c,0x8522f54,1,9,38,0.0,0.0,2.0,7.0,0.0,3.0,0.0,144.0,176.0,1.0,101.0,1.0,0.0,0.0,176.0,184.0,4.0,2.0,2.0,108.0,6.0,,,,,,,,,,,,,,,,,,,,,,,,,,,,,,,,,,,,,,,,,,,,,,,,,,,,,,,,,,,,,,,,,,,,,,,,,,,,,,,,,,,,,,,,,,,,,,,,,,,,,,,,,,,,,,,,,,,,,,,,,,,,,,,,,,,,,,,,,,,,,,,,,,,,,,,,,,,,,,,,,,,,,,,,,Chaotic Realm,10,29
331,08522FEC,0x8523dac,0x8522fdc,1,9,41,0.0,0.0,2.0,7.0,0.0,3.0,0.0,24.0,120.0,4.0,2.0,1.0,119.0,7.0,120.0,152.0,1.0,101.0,2.0,0.0,0.0,,,,,,,,,,,,,,,,,,,,,,,,,,,,,,,,,,,,,,,,,,,,,,,,,,,,,,,,,,,,,,,,,,,,,,,,,,,,,,,,,,,,,,,,,,,,,,,,,,,,,,,,,,,,,,,,,,,,,,,,,,,,,,,,,,,,,,,,,,,,,,,,,,,,,,,,,,,,,,,,,,,,,,,,,Chaotic Realm,10,30
332,08523064,0x8510f84,0x8523054,1,9,44,0.0,0.0,2.0,29.0,0.0,1.0,0.0,0.0,0.0,2.0,28.0,1.0,0.0,0.0,,,,,,,,,,,,,,,,,,,,,,,,,,,,,,,,,,,,,,,,,,,,,,,,,,,,,,,,,,,,,,,,,,,,,,,,,,,,,,,,,,,,,,,,,,,,,,,,,,,,,,,,,,,,,,,,,,,,,,,,,,,,,,,,,,,,,,,,,,,,,,,,,,,,,,,,,,,,,,,,,,,,,,,,,,,,,,,,Chaotic Realm,10,31
333,0852315C,0x8523ddc,0x85230fc,6,10,37,0.0,0.0,2.0,7.0,0.0,3.0,0.0,48.0,256.0,1.0,89.0,1.0,0.0,0.0,112.0,384.0,1.0,99.0,2.0,0.0,0.0,144.0,640.0,1.0,82.0,3.0,0.0,0.0,56.0,808.0,1.0,89.0,4.0,0.0,0.0,144.0,944.0,1.0,82.0,5.0,0.0,0.0,184.0,1160.0,1.0,89.0,6.0,0.0,0.0,112.0,1408.0,1.0,99.0,7.0,0.0,0.0,,,,,,,,,,,,,,,,,,,,,,,,,,,,,,,,,,,,,,,,,,,,,,,,,,,,,,,,,,,,,,,,,,,,,,,,,,,,,,,,,,,,,,,,,,,,,,,,,,,,,,,,,,,,,,,,,,,,,,,,,,,,,,,,,,,,,,Chaotic Realm,10,32
334,0852320C,0x8523e48,0x85231dc,3,10,44,0.0,0.0,2.0,7.0,0.0,3.0,0.0,112.0,104.0,2.0,21.0,1.0,1.0,0.0,,,,,,,,,,,,,,,,,,,,,,,,,,,,,,,,,,,,,,,,,,,,,,,,,,,,,,,,,,,,,,,,,,,,,,,,,,,,,,,,,,,,,,,,,,,,,,,,,,,,,,,,,,,,,,,,,,,,,,,,,,,,,,,,,,,,,,,,,,,,,,,,,,,,,,,,,,,,,,,,,,,,,,,,,,,,,,,,Chaotic Realm,10,33
335,0852328C,0x8523e6c,0x852327c,1,11,37,0.0,0.0,2.0,7.0,0.0,3.0,0.0,,,,,,,,,,,,,,,,,,,,,,,,,,,,,,,,,,,,,,,,,,,,,,,,,,,,,,,,,,,,,,,,,,,,,,,,,,,,,,,,,,,,,,,,,,,,,,,,,,,,,,,,,,,,,,,,,,,,,,,,,,,,,,,,,,,,,,,,,,,,,,,,,,,,,,,,,,,,,,,,,,,,,,,,,,,,,,,,,,,,,,,Chaotic Realm,10,34
336,0852330C,0x8523e84,0x85232fc,1,11,40,0.0,0.0,2.0,7.0,0.0,3.0,0.0,,,,,,,,,,,,,,,,,,,,,,,,,,,,,,,,,,,,,,,,,,,,,,,,,,,,,,,,,,,,,,,,,,,,,,,,,,,,,,,,,,,,,,,,,,,,,,,,,,,,,,,,,,,,,,,,,,,,,,,,,,,,,,,,,,,,,,,,,,,,,,,,,,,,,,,,,,,,,,,,,,,,,,,,,,,,,,,,,,,,,,,Chaotic Realm,10,35
337,0852338C,0x8523e9c,0x852337c,1,11,43,0.0,0.0,2.0,7.0,0.0,3.0,0.0,,,,,,,,,,,,,,,,,,,,,,,,,,,,,,,,,,,,,,,,,,,,,,,,,,,,,,,,,,,,,,,,,,,,,,,,,,,,,,,,,,,,,,,,,,,,,,,,,,,,,,,,,,,,,,,,,,,,,,,,,,,,,,,,,,,,,,,,,,,,,,,,,,,,,,,,,,,,,,,,,,,,,,,,,,,,,,,,,,,,,,,Chaotic Realm,10,36
338,08523424,0x8523eb4,0x8523404,2,2,39,0.0,0.0,2.0,7.0,0.0,3.0,0.0,192.0,144.0,2.0,14.0,1.0,10.0,0.0,,,,,,,,,,,,,,,,,,,,,,,,,,,,,,,,,,,,,,,,,,,,,,,,,,,,,,,,,,,,,,,,,,,,,,,,,,,,,,,,,,,,,,,,,,,,,,,,,,,,,,,,,,,,,,,,,,,,,,,,,,,,,,,,,,,,,,,,,,,,,,,,,,,,,,,,,,,,,,,,,,,,,,,,,,,,,,,,Chaotic Realm,10,37
339,085234BC,0x8523ed8,0x852349c,2,8,43,0.0,0.0,2.0,7.0,0.0,3.0,0.0,152.0,152.0,2.0,14.0,1.0,6.0,0.0,80.0,280.0,2.0,14.0,2.0,1.0,0.0,184.0,312.0,2.0,14.0,3.0,6.0,0.0,,,,,,,,,,,,,,,,,,,,,,,,,,,,,,,,,,,,,,,,,,,,,,,,,,,,,,,,,,,,,,,,,,,,,,,,,,,,,,,,,,,,,,,,,,,,,,,,,,,,,,,,,,,,,,,,,,,,,,,,,,,,,,,,,,,,,,,,,,,,,,,,,,,,,,,,,,,,,,,,,,Chaotic Realm,10,38
340,08523554,0x8523f14,0x8523534,2,9,39,0.0,0.0,2.0,7.0,0.0,3.0,0.0,0.0,0.0,1.0,57.0,1.0,3.0,3.0,128.0,128.0,1.0,98.0,2.0,0.0,0.0,192.0,256.0,1.0,98.0,3.0,0.0,0.0,96.0,288.0,2.0,54.0,4.0,4.0,0.0,,,,,,,,,,,,,,,,,,,,,,,,,,,,,,,,,,,,,,,,,,,,,,,,,,,,,,,,,,,,,,,,,,,,,,,,,,,,,,,,,,,,,,,,,,,,,,,,,,,,,,,,,,,,,,,,,,,,,,,,,,,,,,,,,,,,,,,,,,,,,,,,,,,,,,,,,,,Chaotic Realm,10,39
341,085235D4,0x8523f5c,0x85235c4,1,11,44,0.0,0.0,2.0,7.0,0.0,3.0,0.0,,,,,,,,,,,,,,,,,,,,,,,,,,,,,,,,,,,,,,,,,,,,,,,,,,,,,,,,,,,,,,,,,,,,,,,,,,,,,,,,,,,,,,,,,,,,,,,,,,,,,,,,,,,,,,,,,,,,,,,,,,,,,,,,,,,,,,,,,,,,,,,,,,,,,,,,,,,,,,,,,,,,,,,,,,,,,,,,,,,,,,,Chaotic Realm,10,40
342,0852362C,0x8523f74,0x852362c,0,12,37,0.0,0.0,2.0,32.0,0.0,30.0,0.0,,,,,,,,,,,,,,,,,,,,,,,,,,,,,,,,,,,,,,,,,,,,,,,,,,,,,,,,,,,,,,,,,,,,,,,,,,,,,,,,,,,,,,,,,,,,,,,,,,,,,,,,,,,,,,,,,,,,,,,,,,,,,,,,,,,,,,,,,,,,,,,,,,,,,,,,,,,,,,,,,,,,,,,,,,,,,,,,,,,,,,,Chaotic Realm,10,41
